[Li]<-n1c(C(=O)OCC)cc(C)n1C=N,0.8233900000000001,[Li]<-n1c(C(=O)OCC)cc(C)n1C=N,[Li]<-n1c(C)cc(-c2ccc(C(C)=O)cc2)n1COC,0.2535211267605634,log P,False
[Li]<-n1c(C(=O)OCC)cc(C)n1C=N,0.8233900000000001,[Li]<-n1c(C(=O)OCC)cc(C)n1C=N,[Li]<-[nH]1ncc(N)c1C(=O)OCC,0.3018867924528302,log P,True
[Li]<-O=C(C)Nc1ccc(C)cc1,1.95342,[Li]<-O=C(C)Nc1ccc(C)cc1,[Li]<-P(c1ccc(C)cc1)c1ccc(C)c(C(C)C)c1,0.26865671641791045,log P,False
[Li]<-O=C(C)Nc1ccc(C)cc1,1.95342,[Li]<-O=C(C)Nc1ccc(C)cc1,[Li]<-O=C(C)NC,0.2972972972972973,log P,True
[Li]<-N(C)=C1C2C=CC=CC3C1C(O)C23,1.0360999999999998,[Li]<-N(C)=C1C2C=CC=CC3C1C(O)C23,[Li]<-N(C)=C1C2CC3(O)C1C=CC=CC23,0.41818181818181815,log P,False
[Li]<-N(C)=C1C2C=CC=CC3C1C(O)C23,1.0360999999999998,[Li]<-N(C)=C1C2C=CC=CC3C1C(O)C23,[Li]<-N(C)=C1C2C=CC=CC3C1CC23,0.5510204081632653,log P,True
[Be]=C1NC(N)=CN1Cc1ccc(F)cc1,0.98479,[Be]=C1NC(N)=CN1Cc1ccc(F)cc1,[Be]=C1N(CC)C=CN1c1ccc(-c2ccc(F)cc2)cc1,0.3076923076923077,log P,False
[Be]=C1NC(N)=CN1Cc1ccc(F)cc1,0.98479,[Be]=C1NC(N)=CN1Cc1ccc(F)cc1,[Be]=C1NC(N)=CN1CC(=O)O,0.36538461538461536,log P,True
[Li]<-O=CC(=C)c1ccccc1,1.8987,[Li]<-O=CC(=C)c1ccccc1,[Li]<-p1(-c2ccccc2)cc(C(C)=CC)c(C)c1C=Cc1ccccc1,0.2,log P,False
[Li]<-O=CC(=C)c1ccccc1,1.8987,[Li]<-O=CC(=C)c1ccccc1,[Li]<-O=CC(=C)CO,0.2564102564102564,log P,True
[Li]<-n1ccccc1C(O)(OC)c1ccc(C)cc1,2.22982,[Li]<-n1ccccc1C(O)(OC)c1ccc(C)cc1,[Li]<-P(c1ccccc1)c1cc(C)c(C(C)(C)C)cc1C(F)(F)Br,0.21978021978021978,log P,False
[Li]<-n1ccccc1C(O)(OC)c1ccc(C)cc1,2.22982,[Li]<-n1ccccc1C(O)(OC)c1ccc(C)cc1,[Li]<-n1ccccc1C(O)O,0.2833333333333333,log P,True
[Li]<-N(=C(C)C)c1ccc(C)cc1,3.1073200000000014,[Li]<-N(=C(C)C)c1ccc(C)cc1,[Li]<-P(c1ccc(C)cc1)c1cc(-c2ccccc2)c(C(C)C)cc1C,0.2289156626506024,log P,False
[Li]<-N(=C(C)C)c1ccc(C)cc1,3.1073200000000014,[Li]<-N(=C(C)C)c1ccc(C)cc1,[Li]<-N(=C(C)C)C(C)O,0.24390243902439024,log P,True
[Be]=C1N(CCl)C=CN1C(C)(C)C,2.06629,[Be]=C1N(CCl)C=CN1C(C)(C)C,[Be]=C1N(CCl)C=CN1C(C)(C)C,1.0,log P,False
[Be]=C1N(CCl)C=CN1C(C)(C)C,2.06629,[Be]=C1N(CCl)C=CN1C(C)(C)C,[Be]=C1N(c2ncc(C)cn2)C=CN1C(C)C,0.20967741935483872,log P,True
[Be]=C(SC=C(C)OC)N(C)C,1.78519,[Be]=C(SC=C(C)OC)N(C)C,[Be]=C(SC=C(C)c1ccccc1)N(C)C,0.40816326530612246,log P,False
[Be]=C(SC=C(C)OC)N(C)C,1.78519,[Be]=C(SC=C(C)OC)N(C)C,[Be]=C(SC)N(C)C,0.40625,log P,True
[Be]=C1NC(=O)C=CN1c1cccc(C)c1,1.44121,[Be]=C1NC(=O)C=CN1c1cccc(C)c1,[Be]=C1C=C(c2cccc(C)c2)N(c2cc(C)ccc2C)N1,0.3116883116883117,log P,False
[Be]=C1NC(=O)C=CN1c1cccc(C)c1,1.44121,[Be]=C1NC(=O)C=CN1c1cccc(C)c1,[Be]=C1NC=CC(=O)N1c1cncnc1,0.26153846153846155,log P,True
[Li]<-O=C(C=C)Nc1cccc(C)c1C,2.4279400000000004,[Li]<-O=C(C=C)Nc1cccc(C)c1C,[Li]<-P(c1ccc(C=C)c(C)c1C)C(C)(C)C,0.25396825396825395,log P,False
[Li]<-O=C(C=C)Nc1cccc(C)c1C,2.4279400000000004,[Li]<-O=C(C=C)Nc1cccc(C)c1C,[Li]<-O=C(C=C)NCO,0.2826086956521739,log P,True
[Li]<-S=C(NC)C(=C)C,1.1093,[Li]<-S=C(NC)C(=C)C,[Li]<-S=C(Nc1ccccc1)C(=C)C,0.36585365853658536,log P,False
[Li]<-S=C(NC)C(=C)C,1.1093,[Li]<-S=C(NC)C(=C)C,[Li]<-S=C(NC)C(=C)N,0.6,log P,True
[Li]<-S=C(C)NC(C)OCc1ccccc1,2.4861000000000004,[Li]<-S=C(C)NC(C)OCc1ccccc1,[Li]<-S=C(c1cc(C)ccc1-c1ccccc1)C(C)(C)C,0.27631578947368424,log P,False
[Li]<-S=C(C)NC(C)OCc1ccccc1,2.4861000000000004,[Li]<-S=C(C)NC(C)OCc1ccccc1,[Li]<-S=C(C)NC(C)O,0.3191489361702128,log P,True
[Be]=C1CC=CCOC1,1.04419,[Be]=C1CC=CCOC1,[Be]=C1C=CCOCC1,0.3939393939393939,log P,False
[Be]=C1CC=CCOC1,1.04419,[Be]=C1CC=CCOC1,[Be]=C1CC=CCOC1,1.0,log P,True
[Li]<-n1c(C(=C)C)cc(C)n1C,1.76162,[Li]<-n1c(C(=C)C)cc(C)n1C,[Li]<-n1c(C(=C)C)cc(-c2ccc(C)cc2)n1C,0.48,log P,False
[Li]<-n1c(C(=C)C)cc(C)n1C,1.76162,[Li]<-n1c(C(=C)C)cc(C)n1C,[Li]<-n1nc(C)nn1C,0.225,log P,True
[Be]=C1N(C)C=CN1Cc1cccnc1,1.29649,[Be]=C1N(C)C=CN1Cc1cccnc1,[Be]=C1N(Cc2ccccc2)C=CN1C(C)(C)C,0.4262295081967213,log P,False
[Be]=C1N(C)C=CN1Cc1cccnc1,1.29649,[Be]=C1N(C)C=CN1Cc1cccnc1,[Be]=C1NC=C(N)N1Cc1ccccn1,0.25,log P,True
[Be]=C1N(C)C=CN1Cc1ccc(F)cc1,2.04059,[Be]=C1N(C)C=CN1Cc1ccc(F)cc1,[Be]=C1N(Cc2ccc(F)cc2)C=CN1c1ccc(F)cc1,0.5454545454545454,log P,False
[Be]=C1N(C)C=CN1Cc1ccc(F)cc1,2.04059,[Be]=C1N(C)C=CN1Cc1ccc(F)cc1,[Be]=C1NC=C(N)N1Cc1ccccc1F,0.2537313432835821,log P,True
[Li]<-N(=C(C)C(F)(F)F)C(C)C,2.418000000000001,[Li]<-N(=C(C)C(F)(F)F)C(C)C,[Li]<-N(=C(C)c1ccc(F)cc1)C(C)C,0.3125,log P,False
[Li]<-N(=C(C)C(F)(F)F)C(C)C,2.418000000000001,[Li]<-N(=C(C)C(F)(F)F)C(C)C,[Li]<-N(=C(C)N)C(C)C,0.45161290322580644,log P,True
[Be]=C1N(CC(C)C)CCN1CC(C)(C)C,2.30239,[Be]=C1N(CC(C)C)CCN1CC(C)(C)C,[Be]=C1N(Cc2ccc(C)cc2)c2ccccc2N1CC(C)C,0.20238095238095238,log P,False
[Be]=C1N(CC(C)C)CCN1CC(C)(C)C,2.30239,[Be]=C1N(CC(C)C)CCN1CC(C)(C)C,[Be]=C1NC(N)(C(C)C)NC1(N)C(C)(C)C,0.2459016393442623,log P,True
[Be]=C1N(c2cccc(C)c2C)C=CN1C(C)(O)O,1.55123,[Be]=C1N(c2cccc(C)c2C)C=CN1C(C)(O)O,[Li]<-P(c1ccc(C(F)(F)F)c(C)c1C)C(C)(C)C,0.2077922077922078,log P,False
[Be]=C1N(c2cccc(C)c2C)C=CN1C(C)(O)O,1.55123,[Be]=C1N(c2cccc(C)c2C)C=CN1C(C)(O)O,[Be]=C1N(C(C)O)C=CN1C(C)(O)O,0.39655172413793105,log P,True
[Li]<-N#CCl,0.70628,[Li]<-N#CCl,[Li]<-N#CCl,1.0,log P,False
[Li]<-N#CCl,0.70628,[Li]<-N#CCl,[Li]<-N#CN,0.38461538461538464,log P,True
[Li]<-n1cc(N)co1,0.2568000000000001,[Li]<-n1cc(N)co1,[Li]<-n1cc(N)co1,1.0,log P,False
[Li]<-n1cc(N)co1,0.2568000000000001,[Li]<-n1cc(N)co1,[Li]<-n1cc(N)co1,1.0,log P,True
[Li]<-NCc1ccccc1OC,1.1539,[Li]<-NCc1ccccc1OC,[Li]<-p1(-c2ccccc2)cc(C)c(C=C(C)OC)n1,0.24615384615384617,log P,False
[Li]<-NCc1ccccc1OC,1.1539,[Li]<-NCc1ccccc1OC,[Li]<-NCc1ccccc1OC,1.0,log P,True
[Li]<-N1=CN(C(C)C)CC1,0.7386999999999999,[Li]<-N1=CN(C(C)C)CC1,[Li]<-n1cn(C(C)C)c2ccccc21,0.22448979591836735,log P,False
[Li]<-N1=CN(C(C)C)CC1,0.7386999999999999,[Li]<-N1=CN(C(C)C)CC1,[Li]<-N1=CN(C(C)=O)CC1,0.4117647058823529,log P,True
[Li]<-n1cc(C)n(CC)c1,1.21142,[Li]<-n1cc(C)n(CC)c1,[Li]<-n1cc(C)n(Cc2cccc(C)c2)c1,0.43478260869565216,log P,False
[Li]<-n1cc(C)n(CC)c1,1.21142,[Li]<-n1cc(C)n(CC)c1,[Li]<-n1ccn(CC)c1,0.35294117647058826,log P,True
[Li]<-n1cc(-c2ccc(Br)cc2)co1,3.1041000000000016,[Li]<-n1cc(-c2ccc(Br)cc2)co1,[Li]<-P(c1ccc(-c2ccccc2-c2ccccc2)cc1)c1ccc(C(C)(C)C)cc1-c1ccc(Br)cc1,0.20168067226890757,log P,False
[Li]<-n1cc(-c2ccc(Br)cc2)co1,3.1041000000000016,[Li]<-n1cc(-c2ccc(Br)cc2)co1,[Li]<-n1occc1-c1ccc(O)cc1,0.39622641509433965,log P,True
[Li]<-O=Cc1c(OC)cccc1OC,1.5162999999999998,[Li]<-O=Cc1c(OC)cccc1OC,[Li]<-p1(-c2ccccc2)cc(C)c(C=C(C)OC)n1,0.2112676056338028,log P,False
[Li]<-O=Cc1c(OC)cccc1OC,1.5162999999999998,[Li]<-O=Cc1c(OC)cccc1OC,[Li]<-O=Cc1c(OC)cccc1OC,1.0,log P,True
[Li]<-n1ccn(-c2cccc(OC)c2)c1,1.8809,[Li]<-n1ccn(-c2cccc(OC)c2)c1,[Li]<-P1(c2cccc(F)c2)CC(C)(C)c2ccccc21,0.2077922077922078,log P,False
[Li]<-n1ccn(-c2cccc(OC)c2)c1,1.8809,[Li]<-n1ccn(-c2cccc(OC)c2)c1,[Li]<-n1ccn(CO)c1,0.2653061224489796,log P,True
[Li]<-n1cnn(C(C)c2ccccc2)c1,1.8874,[Li]<-n1cnn(C(C)c2ccccc2)c1,[Li]<-P(c1ccccc1)c1cccc(C(F)=C(c2cc(C)ccc2C)C(C)C)c1,0.20408163265306123,log P,False
[Li]<-n1cnn(C(C)c2ccccc2)c1,1.8874,[Li]<-n1cnn(C(C)c2ccccc2)c1,[Li]<-n1cncn1C(C)c1ccccc1,0.6,log P,True
[Li]<-n1ccn(Cc2ccncc2)c1,1.3263999999999998,[Li]<-n1ccn(Cc2ccncc2)c1,[Li]<-n1ccn(Cc2ccc(C=NC(C)C)cc2)c1,0.48333333333333334,log P,False
[Li]<-n1ccn(Cc2ccncc2)c1,1.3263999999999998,[Li]<-n1ccn(Cc2ccncc2)c1,[Li]<-n1ccn(C(C)N)c1,0.2653061224489796,log P,True
[Li]<-N=Cc1ccccc1OC,1.69287,[Li]<-N=Cc1ccccc1OC,[Li]<-p1(-c2ccccc2)cc(C)c(-c2ccc(OC)cc2)n1,0.22972972972972974,log P,False
[Li]<-N=Cc1ccccc1OC,1.69287,[Li]<-N=Cc1ccccc1OC,[Li]<-N=Cc1ccccc1OC,1.0,log P,True
[Li]<-n1cc2cccc(Br)c2[nH]1,2.3253999999999992,[Li]<-n1cc2cccc(Br)c2[nH]1,[Li]<-n1cc2cc(-c3ccccc3)c(Br)cc2[nH]1,0.40350877192982454,log P,False
[Li]<-n1cc2cccc(Br)c2[nH]1,2.3253999999999992,[Li]<-n1cc2cccc(Br)c2[nH]1,[Li]<-[nH]1ncc2c(O)cccc21,0.24,log P,True
[Li]<-N=Cc1ccsc1,1.7457699999999998,[Li]<-N=Cc1ccsc1,[Li]<-P1(Cc2ccccc2)C(C)C1c1ccsc1,0.2,log P,False
[Li]<-N=Cc1ccsc1,1.7457699999999998,[Li]<-N=Cc1ccsc1,[Li]<-N=Cc1ccsc1,1.0,log P,True
[Li]<-n1ccn(-c2cccc(C=C)c2)c1,2.5153,[Li]<-n1ccn(-c2cccc(C=C)c2)c1,[Li]<-P(c1cccc(C=C)c1)c1cccc(-c2ccccc2)c1,0.2839506172839506,log P,False
[Li]<-n1ccn(-c2cccc(C=C)c2)c1,2.5153,[Li]<-n1ccn(-c2cccc(C=C)c2)c1,[Li]<-n1ccn(-c2cccc(C=C)c2)c1,1.0,log P,True
[Li]<-N=Cc1ccccc1OCC,2.08297,[Li]<-N=Cc1ccccc1OCC,[Li]<-P(c1ccccc1C)c1ccccc1CO,0.22388059701492538,log P,False
[Li]<-N=Cc1ccccc1OCC,2.08297,[Li]<-N=Cc1ccccc1OCC,[Li]<-N=Cc1ccccc1OC,0.7105263157894737,log P,True
[Li]<-n1cnn(CC(C)(C)C)c1,1.3241999999999998,[Li]<-n1cnn(CC(C)(C)C)c1,[Li]<-n1cnn(Cc2ccc(C(C)C)c(C(C)C)c2)c1,0.32786885245901637,log P,False
[Li]<-n1cnn(CC(C)(C)C)c1,1.3241999999999998,[Li]<-n1cnn(CC(C)(C)C)c1,[Li]<-n1cncn1CC,0.24390243902439024,log P,True
[Li]<-NCc1ccc(F)c(F)c1,1.4235,[Li]<-NCc1ccc(F)c(F)c1,[Li]<-NCc1ccc(F)c(-c2ccc(F)cc2)c1,0.5,log P,False
[Li]<-NCc1ccc(F)c(F)c1,1.4235,[Li]<-NCc1ccc(F)c(F)c1,[Li]<-NCc1cc(F)cc(F)c1,0.5,log P,True
[Li]<-n1ccn(C2CCCCC2)n1,1.7833,[Li]<-n1ccn(C2CCCCC2)n1,[Li]<-n1cc(-c2ccccc2)n(C2CCCCC2)n1,0.41935483870967744,log P,False
[Li]<-n1ccn(C2CCCCC2)n1,1.7833,[Li]<-n1ccn(C2CCCCC2)n1,[Li]<-n1nccn1C1CCCCC1,0.5555555555555556,log P,True
[Li]<-n1cnn(-c2ccc(C(C)C)nn2)c1,1.1807,[Li]<-n1cnn(-c2ccc(C(C)C)nn2)c1,[Li]<-S=c1sc2cc(C(C)C)ccc2n1C(C)C,0.2054794520547945,log P,False
[Li]<-n1cnn(-c2ccc(C(C)C)nn2)c1,1.1807,[Li]<-n1cnn(-c2ccc(C(C)C)nn2)c1,[Li]<-n1cncn1-c1ccnnc1,0.2222222222222222,log P,True
[Li]<-N=CC(C)C,1.29197,[Li]<-N=CC(C)C,[Li]<-N=Cc1ccccc1C(C)C,0.2631578947368421,log P,False
[Li]<-N=CC(C)C,1.29197,[Li]<-N=CC(C)C,[Li]<-N=CC(C)=O,0.25,log P,True
[Li]<-S=C1SC(=C)C=C(SCC)S1,3.8595000000000015,[Li]<-S=C1SC(=C)C=C(SCC)S1,[Li]<-S=C1SC=CC(=Cc2ccc(C)c(C)c2)S1,0.208955223880597,log P,False
[Li]<-S=C1SC(=C)C=C(SCC)S1,3.8595000000000015,[Li]<-S=C1SC(=C)C=C(SCC)S1,[Li]<-S=C1SC(=C)C=C(SC)S1,0.7027027027027027,log P,True
[Li]<-P1(C(C)(C)C)OC1c1cccc(C)c1,4.219220000000004,[Li]<-P1(C(C)(C)C)OC1c1cccc(C)c1,[Li]<-P(c1ccccc1)c1cc(C(C)(C)C)c(C(C)C)cc1-c1ccccc1C,0.20618556701030927,log P,False
[Li]<-P1(C(C)(C)C)OC1c1cccc(C)c1,4.219220000000004,[Li]<-P1(C(C)(C)C)OC1c1cccc(C)c1,[Li]<-N1CC(c2ccccn2)CN(C(C)(C)C)C1,0.22535211267605634,log P,True
[Li]<-P(Cl)(C(=Cc1ccccc1)OC(C)=O)C(C)C,4.592200000000004,[Li]<-P(Cl)(C(=Cc1ccccc1)OC(C)=O)C(C)C,[Li]<-p1(C(Cl)=Cc2ccccc2)cc(C(C)=CC)c(C)c1C,0.36363636363636365,log P,False
[Li]<-P(Cl)(C(=Cc1ccccc1)OC(C)=O)C(C)C,4.592200000000004,[Li]<-P(Cl)(C(=Cc1ccccc1)OC(C)=O)C(C)C,[Li]<-P(Cl)(C(C)=O)C(=O)OC,0.22033898305084745,log P,True
[Li]<-N=P(C)(C(C)C)C(C)(C)C,3.6030700000000015,[Li]<-N=P(C)(C(C)C)C(C)(C)C,[Li]<-N=P(C)(C(C)C)C(C)(C)C,1.0,log P,False
[Li]<-N=P(C)(C(C)C)C(C)(C)C,3.6030700000000015,[Li]<-N=P(C)(C(C)C)C(C)(C)C,[Li]<-N=PC(C)(C)N,0.22857142857142856,log P,True
[Li]<-n1oc(Nc2ccccc2I)cc1C,3.331220000000001,[Li]<-n1oc(Nc2ccccc2I)cc1C,[Li]<-P(c1ccccc1C)c1cc(-c2ccccc2)c(C(C)(C)C)cc1C,0.2,log P,False
[Li]<-n1oc(Nc2ccccc2I)cc1C,3.331220000000001,[Li]<-n1oc(Nc2ccccc2I)cc1C,[Li]<-NCc1ccccc1N,0.22807017543859648,log P,True
[Li]<-p1c(-c2ccccc2)c(C)n2c1CCC2,3.9898200000000026,[Li]<-p1c(-c2ccccc2)c(C)n2c1CCC2,[Li]<-p1ccc(-c2ccccc2)c(-c2ccccc2)c1C,0.31645569620253167,log P,False
[Li]<-p1c(-c2ccccc2)c(C)n2c1CCC2,3.9898200000000026,[Li]<-p1c(-c2ccccc2)c(C)n2c1CCC2,[Li]<-p1c(C)c2n(c1C(=O)O)CCC2,0.3064516129032258,log P,True
[Li]<-S=c1n(C)c2ccccc2n1C(C)C,3.2901900000000017,[Li]<-S=c1n(C)c2ccccc2n1C(C)C,[Li]<-P(c1cc(C(C)(C)C)c(-c2ccccc2)c(C(F)(F)F)c1)C(C)C,0.22988505747126436,log P,False
[Li]<-S=c1n(C)c2ccccc2n1C(C)C,3.2901900000000017,[Li]<-S=c1n(C)c2ccccc2n1C(C)C,[Li]<-S=C1CNC(N)N1C(C)C,0.20689655172413793,log P,True
[Be]=C1CN(c2cc(C)ccc2C)C(C)(C)C1(C)C,4.009530000000003,[Be]=C1CN(c2cc(C)ccc2C)C(C)(C)C1(C)C,[Li]<-P(c1ccc(C(F)(F)C(C)C)c(C)c1C)C(C)C,0.20253164556962025,log P,False
[Be]=C1CN(c2cc(C)ccc2C)C(C)(C)C1(C)C,4.009530000000003,[Be]=C1CN(c2cc(C)ccc2C)C(C)(C)C1(C)C,[Be]=C1C(=O)N(C(C)(C)C)c2ccccc21,0.22535211267605634,log P,True
[Li]<-p1(C)c(C)c(C)c2ccccc21,3.980240000000002,[Li]<-p1(C)c(C)c(C)c2ccccc21,[Li]<-P1(c2ccccc2)C(c2ccccc2)=C(C)C2(C)C=CC=CC21,0.23809523809523808,log P,False
[Li]<-p1(C)c(C)c(C)c2ccccc21,3.980240000000002,[Li]<-p1(C)c(C)c(C)c2ccccc21,[Li]<-P1(C)C=C(C)C(N)C1C,0.2,log P,True
[Li]<-S(CCC)CCc1ccccc1,3.372300000000002,[Li]<-S(CCC)CCc1ccccc1,[Li]<-P(Cc1ccc(-c2ccccc2)c(C=C)c1)c1ccc(C)cc1C,0.2,log P,False
[Li]<-S(CCC)CCc1ccccc1,3.372300000000002,[Li]<-S(CCC)CCc1ccccc1,[Li]<-S(C(C)C)C(C)c1ccccc1,0.3333333333333333,log P,True
[Li]<-P(CC(C)C)CC(C)(C)C,3.3670000000000027,[Li]<-P(CC(C)C)CC(C)(C)C,[Li]<-P(Cc1ccc(C(C)C)c(C(C)C)c1)CC(C)C,0.3050847457627119,log P,False
[Li]<-P(CC(C)C)CC(C)(C)C,3.3670000000000027,[Li]<-P(CC(C)C)CC(C)(C)C,[Li]<-P(CC(C)=O)CC(C)C,0.4444444444444444,log P,True
[Li]<-N(=Cc1cccs1)c1ccccc1I,4.103300000000002,[Li]<-N(=Cc1cccs1)c1ccccc1I,[Li]<-P(c1ccccc1)c1cc(C(C)(C)C)c(C)cc1-c1ccccc1,0.20212765957446807,log P,False
[Li]<-N(=Cc1cccs1)c1ccccc1I,4.103300000000002,[Li]<-N(=Cc1cccs1)c1ccccc1I,[Li]<-N(=Cc1ccccn1)C(N)=S,0.22580645161290322,log P,True
[Li]<-n1cn(-c2cccc3ccccc23)cc1C,3.3339200000000018,[Li]<-n1cn(-c2cccc3ccccc23)cc1C,[Li]<-P(c1ccccc1C)c1cc(-c2ccccc2)c(-c2ccccc2)cc1C(C)(C)C,0.22321428571428573,log P,False
[Li]<-n1cn(-c2cccc3ccccc23)cc1C,3.3339200000000018,[Li]<-n1cn(-c2cccc3ccccc23)cc1C,[Li]<-n1cc(C)n(-c2ccc3ccccc3c2)c1,0.5076923076923077,log P,True
[Li]<-P1(c2ccccc2)CC(C)(C)CC(C)(C)C1,4.249900000000004,[Li]<-P1(c2ccccc2)CC(C)(C)CC(C)(C)C1,[Li]<-P1(c2ccccc2)CCC(C)(C)c2c1cc(C(C)C)c(C)c2C,0.35365853658536583,log P,False
[Li]<-P1(c2ccccc2)CC(C)(C)CC(C)(C)C1,4.249900000000004,[Li]<-P1(c2ccccc2)CC(C)(C)CC(C)(C)C1,[Li]<-N1=CN(C(C)O)c2ccccc2C1,0.21428571428571427,log P,True
[Li]<-P1(Nc2ccc(F)cc2)OCC(C)(C)CO1,3.5375000000000014,[Li]<-P1(Nc2ccc(F)cc2)OCC(C)(C)CO1,[Li]<-P1(Nc2ccc(F)c(C(C)C)c2)OCC(C)(C)CO1,0.6031746031746031,log P,False
[Li]<-P1(Nc2ccc(F)cc2)OCC(C)(C)CO1,3.5375000000000014,[Li]<-P1(Nc2ccc(F)cc2)OCC(C)(C)CO1,[Li]<-P1(NC(C)C)OCc2ccccc2O1,0.2714285714285714,log P,True
[Li]<-N(c1ccccc1)c1ccccc1,3.430200000000001,[Li]<-N(c1ccccc1)c1ccccc1,[Li]<-P(c1ccc(-c2ccc(C)cc2C(C)C)cc1)c1ccccc1-c1c(-c2ccccc2)ccc(F)c1C(C)C,0.2125984251968504,log P,False
[Li]<-N(c1ccccc1)c1ccccc1,3.430200000000001,[Li]<-N(c1ccccc1)c1ccccc1,[Li]<-N(C)c1ccccc1,0.43478260869565216,log P,True
[Li]<-N=C1C=CC(=S2C=CSC2=C(C)C)C=C1,4.042870000000002,[Li]<-N=C1C=CC(=S2C=CSC2=C(C)C)C=C1,[Li]<-N=C1C=CC(=S2C(=C(C)C)Sc3ccc(-c4ccccc4)cc32)C=C1,0.4117647058823529,log P,False
[Li]<-N=C1C=CC(=S2C=CSC2=C(C)C)C=C1,4.042870000000002,[Li]<-N=C1C=CC(=S2C=CSC2=C(C)C)C=C1,[Li]<-N=C1C=CC(=S)C=C1,0.37254901960784315,log P,True
[Li]<-P1(Cc2ccccc2)C(C)C1c1ccccc1,4.811900000000004,[Li]<-P1(Cc2ccccc2)C(C)C1c1ccccc1,[Li]<-P(c1ccc(C)cc1)c1cc(-c2ccccc2)c(-c2ccccc2)cc1C(C)C,0.2777777777777778,log P,False
[Li]<-P1(Cc2ccccc2)C(C)C1c1ccccc1,4.811900000000004,[Li]<-P1(Cc2ccccc2)C(C)C1c1ccccc1,[Li]<-N=C(C)c1ccccc1,0.25,log P,True
[Li]<-S=P(C)(C)c1ccc(-c2ccccc2)cc1,3.7180000000000017,[Li]<-S=P(C)(C)c1ccc(-c2ccccc2)cc1,[Li]<-P(c1ccc(C)cc1)c1ccc(C(C)C)c(-c2c(-c3ccccc3)ccc(C(C)C)c2F)c1,0.26548672566371684,log P,False
[Li]<-S=P(C)(C)c1ccc(-c2ccccc2)cc1,3.7180000000000017,[Li]<-S=P(C)(C)c1ccc(-c2ccccc2)cc1,[Li]<-S=P(C)(C)c1ccccc1,0.56,log P,True
[Li]<-P(c1ccccc1)(c1ccccc1)C(C)C=C,3.693800000000002,[Li]<-P(c1ccccc1)(c1ccccc1)C(C)C=C,[Li]<-P(c1ccccc1)c1cc(C(C)C)c(C(C)C)cc1-c1ccccc1,0.34782608695652173,log P,False
[Li]<-P(c1ccccc1)(c1ccccc1)C(C)C=C,3.693800000000002,[Li]<-P(c1ccccc1)(c1ccccc1)C(C)C=C,[Li]<-P(C(N)=O)(c1ccccc1)c1ccccc1,0.5967741935483871,log P,True
[Li]<-S=C1NC=CC(O)N1,-0.7038,[Li]<-S=C1NC=CC(O)N1,[Li]<-S=C1NC(O)CCS1,0.25,log P,False
[Li]<-S=C1NC=CC(O)N1,-0.7038,[Li]<-S=C1NC=CC(O)N1,[Li]<-n12ncnc1NC=CC2O,0.2727272727272727,log P,True
[Li]<-n1cc2c(c(C)c1NC)c(=O)[nH]c(=O)n2C,-0.0280800000000002,[Li]<-n1cc2c(c(C)c1NC)c(=O)[nH]c(=O)n2C,[Li]<-n1cc(C=O)c(C)cc1NC,0.26229508196721313,log P,False
[Li]<-n1cc2c(c(C)c1NC)c(=O)[nH]c(=O)n2C,-0.0280800000000002,[Li]<-n1cc2c(c(C)c1NC)c(=O)[nH]c(=O)n2C,[Li]<-n1cccc(C)c1NC,0.2631578947368421,log P,True
[Be]=C1NC=C(N)N1CN(C)C,-0.8354099999999989,[Be]=C1NC=C(N)N1CN(C)C,[Be]=C1N(C)C=CN1CN(C)C,0.3181818181818182,log P,False
[Be]=C1NC=C(N)N1CN(C)C,-0.8354099999999989,[Be]=C1NC=C(N)N1CN(C)C,[Be]=C1NC=C(N)N1CN1CCOCC1,0.38,log P,True
[Li]<-n1c(N)ccnc1N,-0.3590000000000001,[Li]<-n1c(N)ccnc1N,[Li]<-n1cnc2ccccc2c1N,0.2608695652173913,log P,False
[Li]<-n1c(N)ccnc1N,-0.3590000000000001,[Li]<-n1c(N)ccnc1N,[Li]<-n1cccnc1N,0.3939393939393939,log P,True
[Li]<-N=c1[nH]c(OC)cc(=O)[nH]1,-0.8089300000000001,[Li]<-N=c1[nH]c(OC)cc(=O)[nH]1,[Li]<-N=Cc1cccc(OC)c1,0.22,log P,False
[Li]<-N=c1[nH]c(OC)cc(=O)[nH]1,-0.8089300000000001,[Li]<-N=c1[nH]c(OC)cc(=O)[nH]1,[Li]<-N=c1cc(O)[nH]c(=O)[nH]1,0.35714285714285715,log P,True
[Be]=C1NC(N)(C(C)=O)NC1(N)C=C,-1.7395099999999994,[Be]=C1NC(N)(C(C)=O)NC1(N)C=C,[Be]=C1NC(C)(N)C(N)(c2ccc(C)cc2)N1,0.20634920634920634,log P,False
[Be]=C1NC(N)(C(C)=O)NC1(N)C=C,-1.7395099999999994,[Be]=C1NC(N)(C(C)=O)NC1(N)C=C,[Be]=C1CNC(N)(C(=O)O)N1,0.2826086956521739,log P,True
[Li]<-S=C(NN)N1CCOCC1,-0.9331999999999998,[Li]<-S=C(NN)N1CCOCC1,[Li]<-S=C(NN)N(C)C,0.21428571428571427,log P,False
[Li]<-S=C(NN)N1CCOCC1,-0.9331999999999998,[Li]<-S=C(NN)N1CCOCC1,[Li]<-NN1CCOCC1,0.38461538461538464,log P,True
[Li]<-n1cn(CC)c2c(=O)n(C)cnc21,0.1498999999999997,[Li]<-n1cn(CC)c2c(=O)n(C)cnc21,[Li]<-n1cc(-c2ccccc2C#N)n(CC)c1,0.23880597014925373,log P,False
[Li]<-n1cn(CC)c2c(=O)n(C)cnc21,0.1498999999999997,[Li]<-n1cn(CC)c2c(=O)n(C)cnc21,[Li]<-n1ccn(CC)c1,0.22448979591836735,log P,True
[Be]=C=NCN,-0.6428,[Be]=C=NCN,[Be]=C=NCN,1.0,log P,False
[Be]=C=NCN,-0.6428,[Be]=C=NCN,[Be]=C=NCN,1.0,log P,True
[Li]<-n1cnc(C(N)=O)c(N)c1,-0.8423000000000005,[Li]<-n1cnc(C(N)=O)c(N)c1,[Li]<-n1cnc(-c2ccc(C(F)(F)F)cc2)c(N)c1,0.3,log P,False
[Li]<-n1cnc(C(N)=O)c(N)c1,-0.8423000000000005,[Li]<-n1cnc(C(N)=O)c(N)c1,[Li]<-n1cccnc1N,0.24390243902439024,log P,True
[Li]<-n1cccn1C(C)C(N)=O,-0.0706000000000003,[Li]<-n1cccn1C(C)C(N)=O,[Li]<-n1cccn1C(c1ccccc1)C(C)C,0.34545454545454546,log P,False
[Li]<-n1cccn1C(C)C(N)=O,-0.0706000000000003,[Li]<-n1cccn1C(C)C(N)=O,[Li]<-n1cccn1C(C)C(N)=O,1.0,log P,True
[Li]<-n1nc(N)n(S)c1C,-0.1383800000000001,[Li]<-n1nc(N)n(S)c1C,[Li]<-n1nc(N)n(S)c1C,1.0,log P,False
[Li]<-n1nc(N)n(S)c1C,-0.1383800000000001,[Li]<-n1nc(N)n(S)c1C,[Li]<-n1cn(N)c(N)n1,0.29411764705882354,log P,True
[Li]<-NC1(C(=O)OC)CC1,-0.3493000000000001,[Li]<-NC1(C(=O)OC)CC1,[Li]<-NC1(C(=O)OCC)CC1,0.6333333333333333,log P,False
[Li]<-NC1(C(=O)OC)CC1,-0.3493000000000001,[Li]<-NC1(C(=O)OC)CC1,[Li]<-NC1(C)CC1,0.35714285714285715,log P,True
[Li]<-S=C(N)Nc1ccncn1,0.1321,[Li]<-S=C(N)Nc1ccncn1,[Li]<-S=C(N)Nc1ccc(-c2ccccc2)c(C#N)c1,0.25,log P,False
[Li]<-S=C(N)Nc1ccncn1,0.1321,[Li]<-S=C(N)Nc1ccncn1,[Li]<-Nc1cncnc1,0.2,log P,True
[Be]=C(NC)N(C)C(C)N(C)C,0.0414899999999998,[Be]=C(NC)N(C)C(C)N(C)C,[Be]=C(NC)N(c1ccc(C)cc1)C(C)C,0.28846153846153844,log P,False
[Be]=C(NC)N(C)C(C)N(C)C,0.0414899999999998,[Be]=C(NC)N(C)C(C)N(C)C,[Be]=C(NC)NN,0.2,log P,True
[Li]<-O=C(CO)CN1CCCC1,-0.3564000000000002,[Li]<-O=C(CO)CN1CCCC1,[Li]<-O=C(CO)CN1CCCC1,1.0,log P,False
[Li]<-O=C(CO)CN1CCCC1,-0.3564000000000002,[Li]<-O=C(CO)CN1CCCC1,[Li]<-O=C(CO)N1CCCC1,0.5128205128205128,log P,True
[Li]<-N1=CC(C(=O)OCC)CC1NC(C)=O,0.1023999999999996,[Li]<-N1=CC(C(=O)OCC)CC1NC(C)=O,[Li]<-N1=CC(C(=O)OCC)c2ccccc21,0.28125,log P,False
[Li]<-N1=CC(C(=O)OCC)CC1NC(C)=O,0.1023999999999996,[Li]<-N1=CC(C(=O)OCC)CC1NC(C)=O,[Li]<-N1=CCCC1C(=O)OC,0.24074074074074073,log P,True
[Li]<-N1CC2CNC=CC21,-0.3087000000000001,[Li]<-N1CC2CNC=CC21,[Li]<-N1C2CNC=CC2C12C=CNCC2,0.3137254901960784,log P,False
[Li]<-N1CC2CNC=CC21,-0.3087000000000001,[Li]<-N1CC2CNC=CC21,[Li]<-N1CCNCC1N,0.23076923076923078,log P,True
[Li]<-NC(C)C(C)=O,-0.0774,[Li]<-NC(C)C(C)=O,[Li]<-NC(C)C(C)=O,1.0,log P,False
[Li]<-NC(C)C(C)=O,-0.0774,[Li]<-NC(C)C(C)=O,[Li]<-NC(C)C(=O)O,0.5454545454545454,log P,True
[Li]<-n1ccc(-c2[nH]cnc2N)c(C(O)O)c1,0.0371,[Li]<-n1ccc(-c2[nH]cnc2N)c(C(O)O)c1,[Li]<-n1ccc(-c2ccc(OC)cc2C(F)(F)F)cc1,0.2,log P,False
[Li]<-n1ccc(-c2[nH]cnc2N)c(C(O)O)c1,0.0371,[Li]<-n1ccc(-c2[nH]cnc2N)c(C(O)O)c1,[Li]<-n1ccccc1-c1[nH]cnc1N,0.44642857142857145,log P,True
[Li]<-S=C(NC(=O)OCC)c1ccccc1,2.1082,[Li]<-S=C(NC(=O)OCC)c1ccccc1,[Li]<-P(c1ccccc1)c1cccc(C(F)=C(c2cc(C)ccc2C)C(C)C)c1,0.2,log P,False
[Li]<-S=C(NC(=O)OCC)c1ccccc1,2.1082,[Li]<-S=C(NC(=O)OCC)c1ccccc1,[Li]<-S=C(NC(=O)O)C(=O)OC,0.20689655172413793,log P,True
[Li]<-P1(CC(=O)OC)Oc2ccccc2O1,1.9427,[Li]<-P1(CC(=O)OC)Oc2ccccc2O1,[Li]<-P(CC(C)C#N)c1ccccc1,0.21875,log P,False
[Li]<-P1(CC(=O)OC)Oc2ccccc2O1,1.9427,[Li]<-P1(CC(=O)OC)Oc2ccccc2O1,[Li]<-P1(CC(=O)OC)OCCO1,0.3584905660377358,log P,True
[Li]<-N#CC=Nc1cccc([N+](=O)[O-])c1,1.82068,[Li]<-N#CC=Nc1cccc([N+](=O)[O-])c1,[Li]<-N#Cc1cc(N=CC)ccc1SCc1ccccc1,0.2597402597402597,log P,False
[Li]<-N#CC=Nc1cccc([N+](=O)[O-])c1,1.82068,[Li]<-N#CC=Nc1cccc([N+](=O)[O-])c1,[Li]<-N#CC=Nc1ccccc1[N+](=O)[O-],0.56,log P,True
[Li]<-NC(CCl)c1ccccc1,1.9252,[Li]<-NC(CCl)c1ccccc1,[Li]<-P(c1ccccc1)(C(Cl)C=Cc1ccccc1)C(C)(C)C,0.22666666666666666,log P,False
[Li]<-NC(CCl)c1ccccc1,1.9252,[Li]<-NC(CCl)c1ccccc1,[Li]<-NC(CCl)C(=O)O,0.21428571428571427,log P,True
[Be]=C(C)Nc1ccccc1OC,2.1657900000000003,[Be]=C(C)Nc1ccccc1OC,[Li]<-p1(-c2ccccc2)cc(C)c(-c2ccc(OC)cc2)n1,0.2236842105263158,log P,False
[Be]=C(C)Nc1ccccc1OC,2.1657900000000003,[Be]=C(C)Nc1ccccc1OC,[Be]=C(C)Nc1ccccc1O,0.6153846153846154,log P,True
[Li]<-n1cccc(C)c1N=CC,2.11222,[Li]<-n1cccc(C)c1N=CC,[Li]<-P(c1ccccc1C)c1cccc(C)c1C,0.203125,log P,False
[Li]<-n1cccc(C)c1N=CC,2.11222,[Li]<-n1cccc(C)c1N=CC,[Li]<-n1cccc(C)c1N,0.5,log P,True
[Li]<-n1cccc2nc(C)ccc21,1.93822,[Li]<-n1cccc2nc(C)ccc21,[Li]<-P1(c2ccccc2)CC(C)=C(C)C1,0.23728813559322035,log P,False
[Li]<-n1cccc2nc(C)ccc21,1.93822,[Li]<-n1cccc2nc(C)ccc21,[Li]<-n1cccc2nccc(N)c21,0.44680851063829785,log P,True
[Li]<-P(N(C)C)[Si](C)(C)C,1.9764,[Li]<-P(N(C)C)[Si](C)(C)C,[Li]<-P(N(C)C)[Si](C)(C)C,1.0,log P,False
[Li]<-P(N(C)C)[Si](C)(C)C,1.9764,[Li]<-P(N(C)C)[Si](C)(C)C,[Be]=C(N(C)C)N(C)C,0.21212121212121213,log P,True
[Li]<-N(O)=C(C)C=C(C)C,1.8027,[Li]<-N(O)=C(C)C=C(C)C,[Li]<-N(O)=C(C)C=C(C)C,1.0,log P,False
[Li]<-N(O)=C(C)C=C(C)C,1.8027,[Li]<-N(O)=C(C)C=C(C)C,[Li]<-N(O)=C(C)C,0.4583333333333333,log P,True
[Li]<-n1cnc(C(C)=O)c2ccccc21,1.8324,[Li]<-n1cnc(C(C)=O)c2ccccc21,[Li]<-p1cc(C(C)(C)C)c(-c2ccccc2)cc1P,0.2222222222222222,log P,False
[Li]<-n1cnc(C(C)=O)c2ccccc21,1.8324,[Li]<-n1cnc(C(C)=O)c2ccccc21,[Li]<-N1=C(C(C)=O)N=CCC1O,0.21428571428571427,log P,True
[Li]<-N1CCCC1Cc1ccccc1,1.9811,[Li]<-N1CCCC1Cc1ccccc1,[Li]<-P(Cc1cccc(C=C)c1)(c1ccccc1)C(C)C,0.23684210526315788,log P,False
[Li]<-N1CCCC1Cc1ccccc1,1.9811,[Li]<-N1CCCC1Cc1ccccc1,[Li]<-N1CCCC1(C)c1ccccc1,0.41509433962264153,log P,True
[Be]=C1NC(C(C)(C)C)=C(NC(C)(C)C)N1C,2.12099,[Be]=C1NC(C(C)(C)C)=C(NC(C)(C)C)N1C,[Li]<-P(=CC(C)(C)C)C(C)(C)C,0.2692307692307692,log P,False
[Be]=C1NC(C(C)(C)C)=C(NC(C)(C)C)N1C,2.12099,[Be]=C1NC(C(C)(C)C)=C(NC(C)(C)C)N1C,[Be]=C1NC(N)=C(C(C)(C)N)N1C,0.34615384615384615,log P,True
[Li]<-n1nc(-c2ccccc2)cn1CC,1.965,[Li]<-n1nc(-c2ccccc2)cn1CC,[Li]<-P(c1ccccc1)c1cc(C(C)(C)C)c(C)cc1-c1ccccc1,0.23595505617977527,log P,False
[Li]<-n1nc(-c2ccccc2)cn1CC,1.965,[Li]<-n1nc(-c2ccccc2)cn1CC,[Li]<-n1nc(C(=O)O)cn1CC,0.35294117647058826,log P,True
[Li]<-N1CCC(c2ccccc2)CC1,2.1536,[Li]<-N1CCC(c2ccccc2)CC1,[Li]<-N1CCC(c2ccccc2)c2ccccc21,0.3968253968253968,log P,False
[Li]<-N1CCC(c2ccccc2)CC1,2.1536,[Li]<-N1CCC(c2ccccc2)CC1,[Li]<-N1CCCCC1N,0.2,log P,True
[Li]<-S=C1NC(C)NC=C1c1ccccc1,1.8937,[Li]<-S=C1NC(C)NC=C1c1ccccc1,[Li]<-S=Cc1ccc(C)cc1-c1cc(C(C)C)ccc1-c1ccccc1,0.26666666666666666,log P,False
[Li]<-S=C1NC(C)NC=C1c1ccccc1,1.8937,[Li]<-S=C1NC(C)NC=C1c1ccccc1,[Li]<-S=C1NC=C(c2ccccc2)C(C)N1,0.5636363636363636,log P,True
[Li]<-n1ccnc2cc(C)ccc21,1.93822,[Li]<-n1ccnc2cc(C)ccc21,[Li]<-P(c1ccc(C)cc1)c1cccc(-c2ccccc2)c1,0.20253164556962025,log P,False
[Li]<-n1ccnc2cc(C)ccc21,1.93822,[Li]<-n1ccnc2cc(C)ccc21,[Li]<-n1ccnc2cccc(C)c21,0.5454545454545454,log P,True
[Li]<-n1ccc(I)cc1C,1.99462,[Li]<-n1ccc(I)cc1C,[Li]<-n1cc(C)c(I)cc1-c1ccccc1,0.29411764705882354,log P,False
[Li]<-n1ccc(I)cc1C,1.99462,[Li]<-n1ccc(I)cc1C,[Li]<-n1cc(C)cc(N)c1,0.2972972972972973,log P,True
[Li]<-S=C(Cc1ccccc1)N(C)C,2.1181,[Li]<-S=C(Cc1ccccc1)N(C)C,[Li]<-P(Cc1ccccc1-c1ccccc1)(c1ccccc1)C(C)(C)C,0.20224719101123595,log P,False
[Li]<-S=C(Cc1ccccc1)N(C)C,2.1181,[Li]<-S=C(Cc1ccccc1)N(C)C,[Li]<-S=C(CN(C)C)C(=O)O,0.22,log P,True
[Li]<-S=c1scc(N)s1,2.12129,[Li]<-S=c1scc(N)s1,[Li]<-S=c1sccs1,0.3548387096774194,log P,False
[Li]<-S=c1scc(N)s1,2.12129,[Li]<-S=c1scc(N)s1,[Li]<-S=c1scc(N)s1,1.0,log P,True
[Li]<-n1ccc(C)c2ncccc21,1.93822,[Li]<-n1ccc(C)c2ncccc21,[Li]<-n1ccc(C)c2c(-c3ccccc3)ccnc21,0.3870967741935484,log P,False
[Li]<-n1ccc(C)c2ncccc21,1.93822,[Li]<-n1ccc(C)c2ncccc21,[Li]<-n1c(C)ccc2cccnc21,0.44680851063829785,log P,True
[Li]<-NCC(C)Nc1ccccc1OC,1.4543,[Li]<-NCC(C)Nc1ccccc1OC,[Li]<-P(c1ccccc1C(F)(F)F)C(C)(C)C,0.23076923076923078,log P,False
[Li]<-NCC(C)Nc1ccccc1OC,1.4543,[Li]<-NCC(C)Nc1ccccc1OC,[Li]<-NCC(C)NC,0.32558139534883723,log P,True
[Li]<-n1c2n(c3cncnc31)C(C)(C)C=CC2,1.6737,[Li]<-n1c2n(c3cncnc31)C(C)(C)C=CC2,[Li]<-N1=CN2CC=CC(C)(C)C23C=CC=CC13,0.21621621621621623,log P,False
[Li]<-n1c2n(c3cncnc31)C(C)(C)C=CC2,1.6737,[Li]<-n1c2n(c3cncnc31)C(C)(C)C=CC2,[Li]<-n1cncc2[nH]cnc21,0.23333333333333334,log P,True
[Li]<-n1ccc(N)c2cc(C(=O)O)ccc21,1.5152,[Li]<-n1ccc(N)c2cc(C(=O)O)ccc21,[Li]<-n1cccc2c(C(C)C)ccc(N(C)C)c21,0.2608695652173913,log P,False
[Li]<-n1ccc(N)c2cc(C(=O)O)ccc21,1.5152,[Li]<-n1ccc(N)c2cc(C(=O)O)ccc21,[Li]<-n1ccc(N)c2cnc(N)nc21,0.3508771929824561,log P,True
[Be]=C(C)OCC(F)(F)F,1.62399,[Be]=C(C)OCC(F)(F)F,[Be]=C(C)c1cc(C)ccc1C(F)(F)F,0.2608695652173913,log P,False
[Be]=C(C)OCC(F)(F)F,1.62399,[Be]=C(C)OCC(F)(F)F,[Be]=C(C)OC,0.2692307692307692,log P,True
[Be]=C(C#N)NC1CCCCC1,1.47107,[Be]=C(C#N)NC1CCCCC1,[Be]=C(C#N)NC1CCCCC1,1.0,log P,False
[Be]=C(C#N)NC1CCCCC1,1.47107,[Be]=C(C#N)NC1CCCCC1,[Be]=C(C#N)NC,0.2777777777777778,log P,True
[Li]<-N1=CC=CC(c2ccccc2)C1N,1.6956,[Li]<-N1=CC=CC(c2ccccc2)C1N,[Li]<-P1(c2ccccc2)CC(c2ccccc2)=C(C(C)(C)C)C1,0.21428571428571427,log P,False
[Li]<-N1=CC=CC(c2ccccc2)C1N,1.6956,[Li]<-N1=CC=CC(c2ccccc2)C1N,[Li]<-n1c(CN)ccc2ccccc21,0.2833333333333333,log P,True
[Li]<-N(C)=C(O)c1ccccc1,1.621,[Li]<-N(C)=C(O)c1ccccc1,[Li]<-P(c1ccccc1)(c1cccc(-c2ccccc2)c1)C(C)C,0.2,log P,False
[Li]<-N(C)=C(O)c1ccccc1,1.621,[Li]<-N(C)=C(O)c1ccccc1,[Li]<-N(C)=C(O)O,0.2647058823529412,log P,True
[Li]<-N(C)=C1CCCC1,1.6312,[Li]<-N(C)=C1CCCC1,[Li]<-N(C)=C1CCCC(c2ccccc2)C1,0.32653061224489793,log P,False
[Li]<-N(C)=C1CCCC1,1.6312,[Li]<-N(C)=C1CCCC1,[Li]<-N(C)=C1CCCC1,1.0,log P,True
[Li]<-O=c1cc1-c1ccccc1,1.5894,[Li]<-O=c1cc1-c1ccccc1,[Li]<-P(c1ccccc1)c1cc(C(C)(C)C)c(C(C)C)cc1-c1ccccc1,0.2891566265060241,log P,False
[Li]<-O=c1cc1-c1ccccc1,1.5894,[Li]<-O=c1cc1-c1ccccc1,[Li]<-O=c1cc1N,0.2702702702702703,log P,True
[Li]<-P1(c2ccccc2)C=NC(N(C)C)C1,1.7234,[Li]<-P1(c2ccccc2)C=NC(N(C)C)C1,[Li]<-P1(c2ccccc2)CC(c2ccccc2)c2cc(SC)ccc21,0.28735632183908044,log P,False
[Li]<-P1(c2ccccc2)C=NC(N(C)C)C1,1.7234,[Li]<-P1(c2ccccc2)C=NC(N(C)C)C1,[Li]<-P1(c2ccccc2)C=NCC1N(C)C,0.5849056603773585,log P,True
[Li]<-n1cccc2cnccc21,1.6298,[Li]<-n1cccc2cnccc21,[Li]<-P1(c2ccccc2)CC(C)=C(c2cccnc2)C1,0.24285714285714285,log P,False
[Li]<-n1cccc2cnccc21,1.6298,[Li]<-n1cccc2cnccc21,[Li]<-n1cccc2cccnc21,0.5238095238095238,log P,True
[Li]<-N(O)=C1C2CC(C)(C)C1C(=O)C2C,1.6977,[Li]<-N(O)=C1C2CC(C)(C)C1C(=O)C2C,[Li]<-N(O)=C1C(C)C2CC1C(C)(C)C2(C)C,0.39622641509433965,log P,False
[Li]<-N(O)=C1C2CC(C)(C)C1C(=O)C2C,1.6977,[Li]<-N(O)=C1C2CC(C)(C)C1C(=O)C2C,[Li]<-N(O)=C1C2CC(=O)C1C(=O)C2,0.2830188679245283,log P,True
[Li]<-O=Cc1cccs1,1.5606,[Li]<-O=Cc1cccs1,[Li]<-O=Cc1ccc(-c2ccccc2)s1,0.3333333333333333,log P,False
[Li]<-O=Cc1cccs1,1.5606,[Li]<-O=Cc1cccs1,[Li]<-O=Cc1cccs1,1.0,log P,True
[Be]=C=Nc1ccccc1,1.7727,[Be]=C=Nc1ccccc1,[Li]<-P(c1ccccc1)(c1ccccc1)n1ccc(C)c1,0.2,log P,False
[Be]=C=Nc1ccccc1,1.7727,[Be]=C=Nc1ccccc1,[Be]=C=Nc1ccccc1,1.0,log P,True
[Li]<-n1ccc(N(C)C)cc1C,1.45602,[Li]<-n1ccc(N(C)C)cc1C,[Li]<-n1ccc(N(CC)c2ccc(C)cc2)c(C)c1,0.25396825396825395,log P,False
[Li]<-n1ccc(N(C)C)cc1C,1.45602,[Li]<-n1ccc(N(C)C)cc1C,[Li]<-n1c(C)cccc1N1CCOCC1,0.21052631578947367,log P,True
[Li]<-n1cccn1C(C)C,1.464,[Li]<-n1cccn1C(C)C,[Li]<-n1c2ccccc2cn1C(C)C,0.36363636363636365,log P,False
[Li]<-n1cccn1C(C)C,1.464,[Li]<-n1cccn1C(C)C,[Li]<-n1cccn1C(C)O,0.6551724137931034,log P,True
[Li]<-n1cn(CC)c(=O)c2ccccc21,1.4164,[Li]<-n1cn(CC)c(=O)c2ccccc21,[Li]<-P1(c2ccccc2)CC(C)C(C)C1C,0.21212121212121213,log P,False
[Li]<-n1cn(CC)c(=O)c2ccccc21,1.4164,[Li]<-n1cn(CC)c(=O)c2ccccc21,[Li]<-n1cn(CC)c2ccccc2c1=O,0.813953488372093,log P,True
[Li]<-S=C(OCC)C1CC1,1.7603,[Li]<-S=C(OCC)C1CC1,[Li]<-S=C(OCC)c1cccc(C)c1,0.25,log P,False
[Li]<-S=C(OCC)C1CC1,1.7603,[Li]<-S=C(OCC)C1CC1,[Li]<-S=C(OC)C1CC1,0.6071428571428571,log P,True
[Li]<-n1cn(CCc2ccccc2)c2c1CNCN2,1.5983999999999998,[Li]<-n1cn(CCc2ccccc2)c2c1CNCN2,[Li]<-P(Cc1cccc(C)c1C)(c1ccccc1)C(C)C,0.21348314606741572,log P,False
[Li]<-n1cn(CCc2ccccc2)c2c1CNCN2,1.5983999999999998,[Li]<-n1cn(CCc2ccccc2)c2c1CNCN2,[Li]<-n1cn(C(C)c2ccccc2)c2c1CNCN2,0.5909090909090909,log P,True
[Be]=C1Oc2cccc(OC)c2N1C,1.5200899999999995,[Be]=C1Oc2cccc(OC)c2N1C,[Be]=C1C=C(c2ccccc2)N(C(C)C)N1c1ccc(OC)cc1,0.21686746987951808,log P,False
[Be]=C1Oc2cccc(OC)c2N1C,1.5200899999999995,[Be]=C1Oc2cccc(OC)c2N1C,[Be]=C1Oc2cccc(OC)c2N1C,1.0,log P,True
[Be]=C(N)Nc1ccc(C)cc1C,1.67033,[Be]=C(N)Nc1ccc(C)cc1C,[Be]=C(N)Nc1ccc(C)cc1-c1ccc(C)cc1,0.5185185185185185,log P,False
[Be]=C(N)Nc1ccc(C)cc1C,1.67033,[Be]=C(N)Nc1ccc(C)cc1C,[Be]=C(N)NC(C)(C)N,0.21428571428571427,log P,True
[Li]<-n1nc(Cc2ccccc2)sc1N,1.7110999999999998,[Li]<-n1nc(Cc2ccccc2)sc1N,[Li]<-P(Cc1cccc(C=C)c1)(c1ccccc1)c1cccc(C)c1,0.2247191011235955,log P,False
[Li]<-n1nc(Cc2ccccc2)sc1N,1.7110999999999998,[Li]<-n1nc(Cc2ccccc2)sc1N,[Li]<-n1nc(N)sc1Cc1ccccc1,0.6666666666666666,log P,True
[Li]<-NC(C)c1cncc(Cl)c1,1.7547,[Li]<-NC(C)c1cncc(Cl)c1,[Li]<-NC(C)c1cncc(-c2ccccc2)c1Cl,0.3684210526315789,log P,False
[Li]<-NC(C)c1cncc(Cl)c1,1.7547,[Li]<-NC(C)c1cncc(Cl)c1,[Li]<-NC(C)c1cccnc1,0.48717948717948717,log P,True
[Li]<-S=c1[nH]c(N)c2ccccn12,1.5790899999999997,[Li]<-S=c1[nH]c(N)c2ccccn12,[Li]<-S=c1[nH]c(-c2ccc(Br)cc2)cn1C(C)(C)C,0.25757575757575757,log P,False
[Li]<-S=c1[nH]c(N)c2ccccn12,1.5790899999999997,[Li]<-S=c1[nH]c(N)c2ccccn12,[Li]<-S=c1[nH]cc(N)[nH]1,0.24444444444444444,log P,True
[Li]<-n1ccn(CCSN2CCCC2)c1,1.6271,[Li]<-n1ccn(CCSN2CCCC2)c1,[Li]<-n1ccn(Cc2ccc(SCCC=C)cc2)c1,0.273972602739726,log P,False
[Li]<-n1ccn(CCSN2CCCC2)c1,1.6271,[Li]<-n1ccn(CCSN2CCCC2)c1,[Li]<-[nH]1ccnc1N1CCCC1,0.23728813559322035,log P,True
[Li]<-S=C(C)NCc1ccoc1,1.7165,[Li]<-S=C(C)NCc1ccoc1,[Li]<-S=C(C)NCc1ccc(C=CC(C)(C)C)cc1,0.3793103448275862,log P,False
[Li]<-S=C(C)NCc1ccoc1,1.7165,[Li]<-S=C(C)NCc1ccoc1,[Li]<-S=C(C)NC,0.2777777777777778,log P,True
[Li]<-NC(C)C(C)C(=C)C,1.5458,[Li]<-NC(C)C(C)C(=C)C,[Li]<-P(C(C)C)C(C)(C)C(C)=C(C)C,0.20454545454545456,log P,False
[Li]<-NC(C)C(C)C(=C)C,1.5458,[Li]<-NC(C)C(C)C(=C)C,[Li]<-NC(C)N,0.2692307692307692,log P,True
[Li]<-n1cc(C(Cl)Cl)cnc1N,1.5349999999999997,[Li]<-n1cc(C(Cl)Cl)cnc1N,[Li]<-n1cnc(NC(C)Cl)c(-c2ccccc2)c1,0.203125,log P,False
[Li]<-n1cc(C(Cl)Cl)cnc1N,1.5349999999999997,[Li]<-n1cc(C(Cl)Cl)cnc1N,[Li]<-n1cccnc1N,0.34210526315789475,log P,True
[Li]<-n1cpcn1C=C,1.5637,[Li]<-n1cpcn1C=C,[Li]<-n1cpcn1C=Cc1ccccc1,0.3695652173913043,log P,False
[Li]<-n1cpcn1C=C,1.5637,[Li]<-n1cpcn1C=C,[Li]<-n1cpcn1C=C,1.0,log P,True
[Li]<-S=c1[nH]ccn1CC,1.5655899999999998,[Li]<-S=c1[nH]ccn1CC,[Li]<-S=c1[nH]cc(-c2ccc(C)cc2)n1CC(C)C,0.22950819672131148,log P,False
[Li]<-S=c1[nH]ccn1CC,1.5655899999999998,[Li]<-S=c1[nH]ccn1CC,[Li]<-n1cncn1CC,0.20512820512820512,log P,True
[Li]<-Nc1ccc(C=O)cc1I,1.6859000000000002,[Li]<-Nc1ccc(C=O)cc1I,[Li]<-Nc1ccc(C)cc1-c1ccc(C#N)cc1,0.25806451612903225,log P,False
[Li]<-Nc1ccc(C=O)cc1I,1.6859000000000002,[Li]<-Nc1ccc(C=O)cc1I,[Li]<-Nc1cncnc1N,0.2222222222222222,log P,True
[Li]<-S=C(NN=C(C)OC)C(=C)C,1.4593,[Li]<-S=C(NN=C(C)OC)C(=C)C,[Li]<-S=C(NC(C)=C(C)C)c1ccccc1,0.22033898305084745,log P,False
[Li]<-S=C(NN=C(C)OC)C(=C)C,1.4593,[Li]<-S=C(NN=C(C)OC)C(=C)C,[Li]<-S=C(NN)C(=O)OC,0.3170731707317073,log P,True
[Li]<-n1ccn(CC(=O)c2ccc(F)cc2)c1N,1.4873,[Li]<-n1ccn(CC(=O)c2ccc(F)cc2)c1N,[Li]<-n1ccn(Cc2ccc(C(F)(F)F)cc2)c1C(C)C,0.32894736842105265,log P,False
[Li]<-n1ccn(CC(=O)c2ccc(F)cc2)c1N,1.4873,[Li]<-n1ccn(CC(=O)c2ccc(F)cc2)c1N,[Li]<-n1ccn(CC(=O)O)c1,0.23333333333333334,log P,True
[Li]<-S1c2ccccc2CC1N,1.6196000000000002,[Li]<-S1c2ccccc2CC1N,[Li]<-S1CC(c2ccccc2)c2c1ccc(Br)c2C(C)C,0.2608695652173913,log P,False
[Li]<-S1c2ccccc2CC1N,1.6196000000000002,[Li]<-S1c2ccccc2CC1N,[Li]<-S1c2ccccc2CC1N,1.0,log P,True
[Be]=C1C=CC(c2cccc(F)c2)=C(N)N1,1.65119,[Be]=C1C=CC(c2cccc(F)c2)=C(N)N1,[Li]<-p1ccc(-c2ccccc2-c2ccccc2)c(-c2cc(F)ccc2F)c1,0.21212121212121213,log P,False
[Be]=C1C=CC(c2cccc(F)c2)=C(N)N1,1.65119,[Be]=C1C=CC(c2cccc(F)c2)=C(N)N1,[Be]=C1NC=C(N)C=C1c1ccccc1F,0.3333333333333333,log P,True
[Li]<-P(C)(O)c1cccs1,1.3924,[Li]<-P(C)(O)c1cccs1,[Li]<-P(C)(Oc1ccccc1)C(C)(C)C,0.22,log P,False
[Li]<-P(C)(O)c1cccs1,1.3924,[Li]<-P(C)(O)c1cccs1,[Li]<-P(C)(O)C(C)=O,0.21875,log P,True
[Li]<-S1CCC(C)C1,1.7594,[Li]<-S1CCC(C)C1,[Li]<-S1CCC(C)C1,1.0,log P,False
[Li]<-S1CCC(C)C1,1.7594,[Li]<-S1CCC(C)C1,[Li]<-S1CC(=O)C1,0.21428571428571427,log P,True
[Li]<-S=C1NCCCN1[Si](C)(C)C,1.4014999999999995,[Li]<-S=C1NCCCN1[Si](C)(C)C,[Li]<-S=C1NCCCN1[Si](C)(C)C,1.0,log P,False
[Li]<-S=C1NCCCN1[Si](C)(C)C,1.4014999999999995,[Li]<-S=C1NCCCN1[Si](C)(C)C,[Li]<-S=C1CNCN([Si](C)(C)C)C1,0.391304347826087,log P,True
[Li]<-Nc1ccc2c(=O)ccoc2c1C,1.68362,[Li]<-Nc1ccc2c(=O)ccoc2c1C,[Li]<-Nc1ccc(-c2ccc(C)cc2)c2ccccc12,0.3055555555555556,log P,False
[Li]<-Nc1ccc2c(=O)ccoc2c1C,1.68362,[Li]<-Nc1ccc2c(=O)ccoc2c1C,[Li]<-Nc1ccccc1C,0.3333333333333333,log P,True
[Li]<-N(=CC(C)(C)C)CC,2.1232,[Li]<-N(=CC(C)(C)C)CC,[Li]<-N(=CC(C)(C)C)c1cc(C)ccc1C,0.32608695652173914,log P,False
[Li]<-N(=CC(C)(C)C)CC,2.1232,[Li]<-N(=CC(C)(C)C)CC,[Li]<-N(CC)=C(C)C,0.3,log P,True
[Li]<-n1ccc(C)c2[nH]c(C)cc21,2.17974,[Li]<-n1ccc(C)c2[nH]c(C)cc21,[Li]<-P(c1ccc(C)c(C)c1C)C(C)(C)C,0.22413793103448276,log P,False
[Li]<-n1ccc(C)c2[nH]c(C)cc21,2.17974,[Li]<-n1ccc(C)c2[nH]c(C)cc21,[Li]<-n1cc(C)cc(N)c1,0.2391304347826087,log P,True
[Li]<-n1nc(-c2ccc(C)cc2)sc1N,2.09572,[Li]<-n1nc(-c2ccc(C)cc2)sc1N,[Li]<-P1(c2ccccc2)C(c2ccccc2)C=C(C)C1c1ccc(C)cc1,0.2,log P,False
[Li]<-n1nc(-c2ccc(C)cc2)sc1N,2.09572,[Li]<-n1nc(-c2ccc(C)cc2)sc1N,[Li]<-n1ncsc1-c1ncccc1N,0.26666666666666666,log P,True
[Li]<-NC(C)C(C)c1ccccc1,2.1373,[Li]<-NC(C)C(C)c1ccccc1,[Li]<-P(c1cccc(C(C)C)c1)C(C)(C)C,0.2857142857142857,log P,False
[Li]<-NC(C)C(C)c1ccccc1,2.1373,[Li]<-NC(C)C(C)c1ccccc1,[Li]<-NC(C)C(C)C(=O)OC,0.2608695652173913,log P,True
[Li]<-N(O)=CC=Cc1ccccc1,2.1598,[Li]<-N(O)=CC=Cc1ccccc1,[Li]<-[PH]1(c2ccccc2)=CC(c2ccc(C)cc2)=C(C=Cc2ccccc2)C=C1,0.23404255319148937,log P,False
[Li]<-N(O)=CC=Cc1ccccc1,2.1598,[Li]<-N(O)=CC=Cc1ccccc1,[Li]<-N(O)=CC=O,0.2564102564102564,log P,True
[Li]<-n1csc2cc(C(=O)O)ccc21,1.9945,[Li]<-n1csc2cc(C(=O)O)ccc21,[Li]<-n1csc2cc(C(C)=O)c(-c3ccccc3)cc21,0.40625,log P,False
[Li]<-n1csc2cc(C(=O)O)ccc21,1.9945,[Li]<-n1csc2cc(C(=O)O)ccc21,[Li]<-n1csc2cc(C(=O)O)ccc21,1.0,log P,True
[Li]<-n1oc(-c2[nH]nc(C)c2C)cc1C,1.98996,[Li]<-n1oc(-c2[nH]nc(C)c2C)cc1C,[Li]<-n1oc(-c2cc(C)c(C)cc2C)cc1C,0.44642857142857145,log P,False
[Li]<-n1oc(-c2[nH]nc(C)c2C)cc1C,1.98996,[Li]<-n1oc(-c2[nH]nc(C)c2C)cc1C,[Li]<-n1occc1-c1c(C)n[nH]c1C,0.37037037037037035,log P,True
[Li]<-N=C(CC)ON(C)C(C)(C)C,2.03557,[Li]<-N=C(CC)ON(C)C(C)(C)C,[Li]<-N=C(CC)ON(C)C(C)(C)C,1.0,log P,False
[Li]<-N=C(CC)ON(C)C(C)(C)C,2.03557,[Li]<-N=C(CC)ON(C)C(C)(C)C,[Li]<-N=C(CC)ON1CCOCC1,0.2549019607843137,log P,True
[Li]<-N1=CSC(n2nccc2Cl)C1,1.8102,[Li]<-N1=CSC(n2nccc2Cl)C1,[Li]<-N1=CSC(n2ncc(-c3ccccc3)c2Cl)C1,0.4576271186440678,log P,False
[Li]<-N1=CSC(n2nccc2Cl)C1,1.8102,[Li]<-N1=CSC(n2nccc2Cl)C1,[Li]<-N1=C(n2cccn2)SCC1,0.24528301886792453,log P,True
[Li]<-S=c1c(C)c1C,1.90853,[Li]<-S=c1c(C)c1C,[Li]<-S=c1ssc(-c2ccc(C(C)C)c(C)c2)c1C,0.2222222222222222,log P,False
[Li]<-S=c1c(C)c1C,1.90853,[Li]<-S=c1c(C)c1C,[Li]<-S=c1[nH]c(=O)[nH]cc1C,0.2571428571428571,log P,True
[Li]<-S=C1CNCN1c1ccc(C)c(C)c1,1.99794,[Li]<-S=C1CNCN1c1ccc(C)c(C)c1,[Li]<-S=C1SCSc2cc(-c3cc(C)ccc3C)cc(C(C)C)c21,0.24705882352941178,log P,False
[Li]<-S=C1CNCN1c1ccc(C)c(C)c1,1.99794,[Li]<-S=C1CNCN1c1ccc(C)c(C)c1,[Li]<-S=C1CNC(N)N1C(C)C,0.22413793103448276,log P,True
[Li]<-P(C)(O)c1ccccc1[Si](C)(C)C,1.8761,[Li]<-P(C)(O)c1ccccc1[Si](C)(C)C,[Li]<-P(C)c1ccc(-c2ccccc2)c([Si](C)(C)C)c1,0.375,log P,False
[Li]<-P(C)(O)c1ccccc1[Si](C)(C)C,1.8761,[Li]<-P(C)(O)c1ccccc1[Si](C)(C)C,[Li]<-P(C)(O)C(O)c1ccccc1,0.36,log P,True
[Li]<-S1CCN(CC)CC1(C)C,1.8337,[Li]<-S1CCN(CC)CC1(C)C,[Li]<-S1CC(C)(C)N(Cc2ccccc2)CC1(C)C,0.2786885245901639,log P,False
[Li]<-S1CCN(CC)CC1(C)C,1.8337,[Li]<-S1CCN(CC)CC1(C)C,[Li]<-S1CCNC(C)(N)C1,0.23255813953488372,log P,True
[Li]<-S1CC(N)c2ccccc21,1.7921,[Li]<-S1CC(N)c2ccccc21,[Li]<-S1CC(c2ccccc2)c2c1ccc(Br)c2C(C)C,0.3181818181818182,log P,False
[Li]<-S1CC(N)c2ccccc21,1.7921,[Li]<-S1CC(N)c2ccccc21,[Li]<-S1CC(N)c2ccccc21,1.0,log P,True
[Li]<-N1=COCC1c1ccccc1OC,1.7948,[Li]<-N1=COCC1c1ccccc1OC,[Li]<-n1ccc(-c2ccccc2Sc2ccc(C(C)C)cc2)o1,0.21176470588235294,log P,False
[Li]<-N1=COCC1c1ccccc1OC,1.7948,[Li]<-N1=COCC1c1ccccc1OC,[Li]<-N1=COCC1(C)OC,0.20754716981132076,log P,True
[Li]<-n1ccc(C#N)c2c(Cl)ccnc21,2.1548800000000004,[Li]<-n1ccc(C#N)c2c(Cl)ccnc21,[Li]<-p1(Cc2ccc(Cl)cc2C#N)cc(C)c(C)c1C,0.2676056338028169,log P,False
[Li]<-n1ccc(C#N)c2c(Cl)ccnc21,2.1548800000000004,[Li]<-n1ccc(C#N)c2c(Cl)ccnc21,[Li]<-n1c(C#N)ccc2cccnc21,0.38181818181818183,log P,True
[Li]<-N(=CNC(C)C)c1ccccc1O,2.0500000000000003,[Li]<-N(=CNC(C)C)c1ccccc1O,[Li]<-P(c1ccccc1C(F)(F)F)C(C)(C)C,0.234375,log P,False
[Li]<-N(=CNC(C)C)c1ccccc1O,2.0500000000000003,[Li]<-N(=CNC(C)C)c1ccccc1O,[Li]<-N(=CNC(C)=O)C(C)O,0.21153846153846154,log P,True
[Li]<-N(=Cc1ccccc1)CC,2.1254,[Li]<-N(=Cc1ccccc1)CC,[Li]<-P(c1cccc(-c2ccccc2)c1)c1ccc(C)c(C)c1,0.20512820512820512,log P,False
[Li]<-N(=Cc1ccccc1)CC,2.1254,[Li]<-N(=Cc1ccccc1)CC,[Li]<-N(CC)=c1[nH]c2ccccc2n1C,0.34615384615384615,log P,True
[Li]<-n1csc(-c2ccoc2)c1N,1.9853,[Li]<-n1csc(-c2ccoc2)c1N,[Li]<-n1cc(-c2ccc(SCC(F)(F)F)cc2)co1,0.2,log P,False
[Li]<-n1csc(-c2ccoc2)c1N,1.9853,[Li]<-n1csc(-c2ccoc2)c1N,[Li]<-n1ccsc1N,0.2619047619047619,log P,True
[Li]<-n1csc(-c2ccco2)c1N,1.9853,[Li]<-n1csc(-c2ccco2)c1N,[Li]<-n1cc(-c2ccco2)c(-c2ccccc2Br)o1,0.30303030303030304,log P,False
[Li]<-n1csc(-c2ccco2)c1N,1.9853,[Li]<-n1csc(-c2ccco2)c1N,[Li]<-n1csc(N)c1-c1ccco1,0.6585365853658537,log P,True
