COc1cccc(C2P->[Ir]<-n3ccccc32)c1,3.054700000000002,COc1cccc(C2P->[Ir]<-n3ccccc32)c1,COc1cccc(-c2ccc3n(->[Ir]<-n4ccc(C(F)(F)F)cc4-3)c2)c1,0.31521739130434784,log P,False
COc1cccc(C2P->[Ir]<-n3ccccc32)c1,3.054700000000002,COc1cccc(C2P->[Ir]<-n3ccccc32)c1,COc1cccc(C2CP->[Ir]<-N2O)c1,0.38461538461538464,log P,True
CCC1OC=O->[Ir]<-OC12COC(C)C2,0.4778999999999997,CCC1OC=O->[Ir]<-OC12COC(C)C2,CCC1OC=O->[Ir]<-OC12CCCO2,0.4716981132075472,log P,False
CCC1OC=O->[Ir]<-OC12COC(C)C2,0.4778999999999997,CCC1OC=O->[Ir]<-OC12COC(C)C2,CC1O->[Ir]<-O=COC12CCCO2,0.2711864406779661,log P,True
NC12NC(Cl)=CN1C=[Be]->[Ir]<-n1ccccc12,0.6390900000000004,NC12NC(Cl)=CN1C=[Be]->[Ir]<-n1ccccc12,NC12NC(Cl)=CN1C=[Be]->[Ir]<-n1ccccc12,1.0,log P,False
NC12NC(Cl)=CN1C=[Be]->[Ir]<-n1ccccc12,0.6390900000000004,NC12NC(Cl)=CN1C=[Be]->[Ir]<-n1ccccc12,NC12NC(Cl)=CN1C=[Be]->[Ir]<-n1ccccc12,1.0,log P,True
CC12C=CC3P1->[Ir]<-S=CC2(C)C3(P)P,2.828100000000002,CC12C=CC3P1->[Ir]<-S=CC2(C)C3(P)P,CC12C=S->[Ir]<-P3C1c1ccncc1C3(C(C)(F)P)C2,0.2638888888888889,log P,False
CC12C=CC3P1->[Ir]<-S=CC2(C)C3(P)P,2.828100000000002,CC12C=CC3P1->[Ir]<-S=CC2(C)C3(P)P,CC12C=CC3(C)P1->[Ir]<-S=CC2C3(P)P,0.4339622641509434,log P,True
C1=N->[Ir]<-n2c([nH]c3ccccc32)CN(c2ccccc2)C1,3.219070000000001,C1=N->[Ir]<-n2c([nH]c3ccccc32)CN(c2ccccc2)C1,Brc1ccc(N2CC=N->[Ir]<-n3c([nH]c4ccccc43)C2)cc1,0.7297297297297297,log P,False
C1=N->[Ir]<-n2c([nH]c3ccccc32)CN(c2ccccc2)C1,3.219070000000001,C1=N->[Ir]<-n2c([nH]c3ccccc32)CN(c2ccccc2)C1,NC12C=N->[Ir]<-N=CCN1c1ccccc1N2,0.26436781609195403,log P,True
CC1(C)OCC2(CCS3->[Ir]<-S(CCC3)C2)O1,2.768300000000001,CC1(C)OCC2(CCS3->[Ir]<-S(CCC3)C2)O1,CC1(c2ccsc2)OCC2(CCS3->[Ir]<-S(CCC3)C2)O1,0.6153846153846154,log P,False
CC1(C)OCC2(CCS3->[Ir]<-S(CCC3)C2)O1,2.768300000000001,CC1(C)OCC2(CCS3->[Ir]<-S(CCC3)C2)O1,CC1(C)OCC2(CCS3->[Ir]<-S(CCC3)C2)O1,1.0,log P,True
O=C(COC1=S->[Ir]<-S=C1)Nc1ccccc1,1.9688,O=C(COC1=S->[Ir]<-S=C1)Nc1ccccc1,O=C(O)c1ccccc1N1->[Ir]<-N(c2ccccc2)=NC=1,0.23529411764705882,log P,False
O=C(COC1=S->[Ir]<-S=C1)Nc1ccccc1,1.9688,O=C(COC1=S->[Ir]<-S=C1)Nc1ccccc1,O=C(CO)NC1=O->[Ir]<-n2ccccc21,0.2608695652173913,log P,True
CC1(C)COC2(O1)P->[Ir]<-n1ccccc12,1.8924,CC1(C)COC2(O1)P->[Ir]<-n1ccccc12,CC(C)(F)S1->[Ir]<-n2ccccc2-c2ccccc21,0.22077922077922077,log P,False
CC1(C)COC2(O1)P->[Ir]<-n1ccccc12,1.8924,CC1(C)COC2(O1)P->[Ir]<-n1ccccc12,CC1(C)OCC2(O1)P->[Ir]<-n1ccccc12,0.6538461538461539,log P,True
CN(C)C12C=CC=CN1->[Ir]<-[Be]=C1C=CC=CN12,1.2991899999999998,CN(C)C12C=CC=CN1->[Ir]<-[Be]=C1C=CC=CN12,CN(C)C12C=CC=CN1->[Ir]<-[Be]=C1C=CC=CN12,1.0,log P,False
CN(C)C12C=CC=CN1->[Ir]<-[Be]=C1C=CC=CN12,1.2991899999999998,CN(C)C12C=CC=CN1->[Ir]<-[Be]=C1C=CC=CN12,CN(C)C12C=CC=CN1->[Ir]<-[Be]=C1C=CC=CN12,1.0,log P,True
COC(=O)c1ccccc1N1->[Ir]<-Oc2cnccc21,2.317400000000001,COC(=O)c1ccccc1N1->[Ir]<-Oc2cnccc21,COC(=O)c1ccccc1N12->[Ir]<-n3cccc(C(C)Cl)c3C1C=CC=C2,0.3163265306122449,log P,False
COC(=O)c1ccccc1N1->[Ir]<-Oc2cnccc21,2.317400000000001,COC(=O)c1ccccc1N1->[Ir]<-Oc2cnccc21,COC(=O)c1ccccc1N1->[Ir]<-OCC1O,0.4492753623188406,log P,True
c1ccc(N23->[Ir]<-n4ccccc4C2CNC3)cc1,2.1899999999999995,c1ccc(N23->[Ir]<-n4ccccc4C2CNC3)cc1,C1=c2ccccc2=CN2(c3cccc4ccsc34)->[Ir]<-n3ccccc3C12,0.3469387755102041,log P,False
c1ccc(N23->[Ir]<-n4ccccc4C2CNC3)cc1,2.1899999999999995,c1ccc(N23->[Ir]<-n4ccccc4C2CNC3)cc1,Oc1ccccc1N1->[Ir]<-Nc2ccncc21,0.20238095238095238,log P,True
C1=NC2(N->[Ir]<-n3ccccc32)C(c2ccccc2)O1,1.9929,C1=NC2(N->[Ir]<-n3ccccc32)C(c2ccccc2)O1,CC(c1ccccc1)c1ccc2n(->[Ir]<-n3cc(-c4ccccc4Cl)ccc3-2)c1,0.24107142857142858,log P,False
C1=NC2(N->[Ir]<-n3ccccc32)C(c2ccccc2)O1,1.9929,C1=NC2(N->[Ir]<-n3ccccc32)C(c2ccccc2)O1,C1=NC(c2ccccc2)C2(CN->[Ir]<-N2)O1,0.34210526315789475,log P,True
Cn1cccc1-c1cccc2n1->[Ir]<-n1ccccc1-2,3.1491000000000016,Cn1cccc1-c1cccc2n1->[Ir]<-n1ccccc1-2,Brc1cccn2->[Ir]<-n3ccc(-c4ccn(-c5ccccc5)c4)c(Br)c3-c12,0.3333333333333333,log P,False
Cn1cccc1-c1cccc2n1->[Ir]<-n1ccccc1-2,3.1491000000000016,Cn1cccc1-c1cccc2n1->[Ir]<-n1ccccc1-2,Nc1ccc(C2=O->[Ir]<-n3ccccc32)[nH]1,0.3157894736842105,log P,True
SC1NCc2ccccn2->[Ir]<-n2ccccc21,2.1948,SC1NCc2ccccn2->[Ir]<-n2ccccc21,FC(F)(F)c1ccn2->[Ir]<-n3cccc(Br)c3CNC(S)c2c1,0.4230769230769231,log P,False
SC1NCc2ccccn2->[Ir]<-n2ccccc21,2.1948,SC1NCc2ccccn2->[Ir]<-n2ccccc21,SC1Nc2cccnc2N->[Ir]<-n2ccccc21,0.4084507042253521,log P,True
Nc1nn2c(c1-c1ccccc1Br)P->[Ir]<-PC2,2.2278,Nc1nn2c(c1-c1ccccc1Br)P->[Ir]<-PC2,Nc1c(-c2cccc(Br)c2F)nn2c1P->[Ir]<-PC2,0.5873015873015873,log P,False
Nc1nn2c(c1-c1ccccc1Br)P->[Ir]<-PC2,2.2278,Nc1nn2c(c1-c1ccccc1Br)P->[Ir]<-PC2,Nc1c(-c2ccccc2Br)nn2c1P->[Ir]<-PC2,0.75,log P,True
C1=NC(c2ccccc2)C2(C=N->[Ir]<-N2)O1,1.0907699999999998,C1=NC(c2ccccc2)C2(C=N->[Ir]<-N2)O1,Clc1ccccc1-c1nn2->[Ir]<-n3ccccc3-c2[nH]1,0.21686746987951808,log P,False
C1=NC(c2ccccc2)C2(C=N->[Ir]<-N2)O1,1.0907699999999998,C1=NC(c2ccccc2)C2(C=N->[Ir]<-N2)O1,C1=NC(c2ccccc2)C2(C=N->[Ir]<-N2)O1,1.0,log P,True
C=CCS1->[Ir]<-S(CC=C)CC1,2.824800000000001,C=CCS1->[Ir]<-S(CC=C)CC1,C=CCS1->[Ir]<-S(CC=C)c2cc(Cn3cccc3)ccc21,0.24324324324324326,log P,False
C=CCS1->[Ir]<-S(CC=C)CC1,2.824800000000001,C=CCS1->[Ir]<-S(CC=C)CC1,C=C(C)S1->[Ir]<-S(C(=C)C)CC1,0.2,log P,True
C=C(C)C1(S)CS(C(C)C)->[Ir]<-S1,3.2600000000000025,C=C(C)C1(S)CS(C(C)C)->[Ir]<-S1,C=C(c1ccsc1)C1(S)CS(C(C)C)->[Ir]<-S1,0.5306122448979592,log P,False
C=C(C)C1(S)CS(C(C)C)->[Ir]<-S1,3.2600000000000025,C=C(C)C1(S)CS(C(C)C)->[Ir]<-S1,C=C(C)C1(S)CS(C)->[Ir]<-S1,0.5833333333333334,log P,True
CC(O)S1->[Ir]<-SCC1(S)CO,0.6060999999999999,CC(O)S1->[Ir]<-SCC1(S)CO,CC(O)S1->[Ir]<-SCC1(S)CO,1.0,log P,False
CC(O)S1->[Ir]<-SCC1(S)CO,0.6060999999999999,CC(O)S1->[Ir]<-SCC1(S)CO,CC(O)(O)S1->[Ir]<-SCC1(C)S,0.32558139534883723,log P,True
C=CC1(S)CS(C(=C)C)->[Ir]<-S1,2.9951000000000016,C=CC1(S)CS(C(=C)C)->[Ir]<-S1,C=CC1(S)C[SH](C(=C)C)(c2ccccc2)->[Ir]<-S1,0.3103448275862069,log P,False
C=CC1(S)CS(C(=C)C)->[Ir]<-S1,2.9951000000000016,C=CC1(S)CS(C(=C)C)->[Ir]<-S1,C=CC1(S)CS(C)->[Ir]<-S1,0.5588235294117647,log P,True
Cn1ccc(C2=O->[Ir]<-n3ccccc32)c1,1.6510999999999998,Cn1ccc(C2=O->[Ir]<-n3ccccc32)c1,Cn1ccc(-c2ccn3->[Ir]<-n4cccc(-c5ccccc5)c4-c3c2)c1,0.37209302325581395,log P,False
Cn1ccc(C2=O->[Ir]<-n3ccccc32)c1,1.6510999999999998,Cn1ccc(C2=O->[Ir]<-n3ccccc32)c1,Nc1c[nH]c(C2=O->[Ir]<-n3ccccc32)c1,0.4915254237288136,log P,True
ON1->[Ir]<-N2=C(OC(C(F)(F)F)C2)C=1C(F)(F)F,1.7385,ON1->[Ir]<-N2=C(OC(C(F)(F)F)C2)C=1C(F)(F)F,FC(F)(F)c1cc2n(->[Ir]<-N3=C2OC(C(F)(F)F)C3)[nH]1,0.5833333333333334,log P,False
ON1->[Ir]<-N2=C(OC(C(F)(F)F)C2)C=1C(F)(F)F,1.7385,ON1->[Ir]<-N2=C(OC(C(F)(F)F)C2)C=1C(F)(F)F,CC1=N(O)->[Ir]<-N2=C1OC(C(=O)O)C2,0.29508196721311475,log P,True
c1c[nH]c2nn3->[Ir]<-n4cccnc4-c3c-2c1,1.3664999999999998,c1c[nH]c2nn3->[Ir]<-n4cccnc4-c3c-2c1,c1ccc(-c2cccn3->[Ir]<-n4nc5[nH]cccc-5c4-c23)cc1,0.5,log P,False
c1c[nH]c2nn3->[Ir]<-n4cccnc4-c3c-2c1,1.3664999999999998,c1c[nH]c2nn3->[Ir]<-n4cccnc4-c3c-2c1,c1c[nH]c2nn3->[Ir]<-NCc3c-2c1,0.4,log P,True
Cc1ccc(NC2=O->[Ir]<-n3ccccc32)cc1,2.6423200000000007,Cc1ccc(NC2=O->[Ir]<-n3ccccc32)cc1,Cc1ccc(NC2=S->[Ir]<-n3ccc(Br)cc3N2)c(-c2ccccc2)c1,0.3225806451612903,log P,False
Cc1ccc(NC2=O->[Ir]<-n3ccccc32)cc1,2.6423200000000007,Cc1ccc(NC2=O->[Ir]<-n3ccccc32)cc1,Cc1ccc(NC2=O->[Ir]<-n3ccccc32)cc1,1.0,log P,True
c1cc2c(cn1)O->[Ir]<-N2,0.3694,c1cc2c(cn1)O->[Ir]<-N2,c1cc2c(cn1)O->[Ir]<-N2,1.0,log P,False
c1cc2c(cn1)O->[Ir]<-N2,0.3694,c1cc2c(cn1)O->[Ir]<-N2,Oc1cncc2c1N->[Ir]<-N2,0.24444444444444444,log P,True
Cc1ccc2n(->[Ir]<-O=C2)c1,1.20252,Cc1ccc2n(->[Ir]<-O=C2)c1,Cc1ccc2n(->[Ir]<-S=C3C=C(C(=O)O)C=CN32)c1,0.2903225806451613,log P,False
Cc1ccc2n(->[Ir]<-O=C2)c1,1.20252,Cc1ccc2n(->[Ir]<-O=C2)c1,CC1=O->[Ir]<-n2ccccc21,0.3181818181818182,log P,True
CCCn1ccn2->[Ir]<-N(C)=Nc12,2.0066,CCCn1ccn2->[Ir]<-N(C)=Nc12,Cc1cccc(Cc2ccccc2)c1N1->[Ir]<-n2ccn(C)c2N=1,0.24691358024691357,log P,False
CCCn1ccn2->[Ir]<-N(C)=Nc12,2.0066,CCCn1ccn2->[Ir]<-N(C)=Nc12,CCCn12->[Ir]<-N(C)=Nc1ncc2,0.2830188679245283,log P,True
Cc1con2->[Ir]<-n3occ(C)c3-c12,1.94644,Cc1con2->[Ir]<-n3occ(C)c3-c12,c1ccc(-c2con3->[Ir]<-n4oc(-c5ccsc5)cc4-c23)cc1,0.24096385542168675,log P,False
Cc1con2->[Ir]<-n3occ(C)c3-c12,1.94644,Cc1con2->[Ir]<-n3occ(C)c3-c12,Cc1con2->[Ir]<-N3=C(OCC3C)c12,0.4230769230769231,log P,True
Oc1ccc(-c2nc3n(->[Ir]<-n4ccncc4-3)[nH]2)cc1,1.6342999999999994,Oc1ccc(-c2nc3n(->[Ir]<-n4ccncc4-3)[nH]2)cc1,Clc1ccc(C2=N(c3ccccc3)->[Ir]<-N=N2)cc1,0.25287356321839083,log P,False
Oc1ccc(-c2nc3n(->[Ir]<-n4ccncc4-3)[nH]2)cc1,1.6342999999999994,Oc1ccc(-c2nc3n(->[Ir]<-n4ccncc4-3)[nH]2)cc1,Oc1ccc(-c2nc3[nH](->[Ir]<-n4ccncc4-3)n2)cc1,0.5555555555555556,log P,True
CCOC(=O)c1c(C)[nH]n2->[Ir]<-n3ccccc3-c12,1.95682,CCOC(=O)c1c(C)[nH]n2->[Ir]<-n3ccccc3-c12,CCOC(=O)c1cccn2->[Ir]<-n3cccc(C(C)C)c3-c12,0.41025641025641024,log P,False
CCOC(=O)c1c(C)[nH]n2->[Ir]<-n3ccccc3-c12,1.95682,CCOC(=O)c1c(C)[nH]n2->[Ir]<-n3ccccc3-c12,CCOC(=O)C(C)N1->[Ir]<-n2ccccc2C1,0.37142857142857144,log P,True
OC1=N->[Ir]<-O=C1c1ccccc1,1.40457,OC1=N->[Ir]<-O=C1c1ccccc1,Clc1cccc(-c2cccc3n2->[Ir]<-n2ccccc2-3)c1,0.22077922077922077,log P,False
OC1=N->[Ir]<-O=C1c1ccccc1,1.40457,OC1=N->[Ir]<-O=C1c1ccccc1,OC1=O->[Ir]<-N=C1,0.20930232558139536,log P,True
Brc1ccn2->[Ir]<-O=Cc2c1,1.6565999999999996,Brc1ccn2->[Ir]<-O=Cc2c1,BrC1=CC(c2ccccc2)=CC2=S->[Ir]<-n3ccc(Br)cc3N12,0.24,log P,False
Brc1ccn2->[Ir]<-O=Cc2c1,1.6565999999999996,Brc1ccn2->[Ir]<-O=Cc2c1,Brc1ccn2->[Ir]<-O=Cc2c1,1.0,log P,True
CN1->[Ir]<-Nc2ncccc21,0.7055,CN1->[Ir]<-Nc2ncccc21,CN1->[Ir]<-Nc2ncccc21,1.0,log P,False
CN1->[Ir]<-Nc2ncccc21,0.7055,CN1->[Ir]<-Nc2ncccc21,CN1->[Ir]<-Nc2ncccc21,1.0,log P,True
CSC1=O->[Ir]<-n2ccccc21,1.5848,CSC1=O->[Ir]<-n2ccccc21,Brc1ccc2n(->[Ir]<-n3ccc(Sc4ccccc4)cc3-2)c1,0.20512820512820512,log P,False
CSC1=O->[Ir]<-n2ccccc21,1.5848,CSC1=O->[Ir]<-n2ccccc21,CSc1ccn2->[Ir]<-n3cscc3-c2c1,0.2807017543859649,log P,True
CC(=O)OC1=O->[Ir]<-n2ccccc21,0.7848999999999999,CC(=O)OC1=O->[Ir]<-n2ccccc21,CC(=O)c1cccn2->[Ir]<-N(c3ccccc3Cl)=Nc12,0.28169014084507044,log P,False
CC(=O)OC1=O->[Ir]<-n2ccccc21,0.7848999999999999,CC(=O)OC1=O->[Ir]<-n2ccccc21,CC(=O)OC1=O->[Ir]<-n2ccccc21,1.0,log P,True
c1ccn2->[Ir]<-n3c[nH]cc3-c2c1,1.4716999999999991,c1ccn2->[Ir]<-n3c[nH]cc3-c2c1,c1ccn2->[Ir]<-[nH]3c(nc4c5ccccc5sc43)-c2c1,0.273972602739726,log P,False
c1ccn2->[Ir]<-n3c[nH]cc3-c2c1,1.4716999999999991,c1ccn2->[Ir]<-n3c[nH]cc3-c2c1,c1ccn2->[Ir]<-n3c[nH]cc3-c2c1,1.0,log P,True
CC(C)Cc1ccn2->[Ir]<-N3=C(CCC3)c2c1,2.8630000000000013,CC(C)Cc1ccn2->[Ir]<-N3=C(CCC3)c2c1,CC(C)Cc1ccn2->[Ir]<-N3=C(CCC3)c2c1,1.0,log P,False
CC(C)Cc1ccn2->[Ir]<-N3=C(CCC3)c2c1,2.8630000000000013,CC(C)Cc1ccn2->[Ir]<-N3=C(CCC3)c2c1,CC(C)C(C)(O)N1->[Ir]<-n2ccccc2C1,0.20833333333333334,log P,True
C1=CC2(C=N->[Ir]<-N2)CCC1c1ccccc1,2.467270000000001,C1=CC2(C=N->[Ir]<-N2)CCC1c1ccccc1,Brc1cccn2->[Ir]<-NC3(C=Cc4cnccc4C3c3ccccc3)c12,0.2708333333333333,log P,False
C1=CC2(C=N->[Ir]<-N2)CCC1c1ccccc1,2.467270000000001,C1=CC2(C=N->[Ir]<-N2)CCC1c1ccccc1,C1=CCC2(C=N->[Ir]<-N2)C(c2ccccc2)C1,0.5238095238095238,log P,True
CCCCn1cc2n(->[Ir]<-n3ccccc3-2)n1,2.140199999999999,CCCCn1cc2n(->[Ir]<-n3ccccc3-2)n1,CCc1ccc(-c2ccc(Cn34->[Ir]<-n5ccccc5-c3ccn4)nc2)cc1,0.23300970873786409,log P,False
CCCCn1cc2n(->[Ir]<-n3ccccc3-2)n1,2.140199999999999,CCCCn1cc2n(->[Ir]<-n3ccccc3-2)n1,CC(C)(C)n12->[Ir]<-n3ccccc3-c1cnn2,0.29577464788732394,log P,True
CC1CCC2N->[Ir]<-N(O)=C2C1,0.9639000000000002,CC1CCC2N->[Ir]<-N(O)=C2C1,CC1CCC2N->[Ir]<-N(O)=C2C1,1.0,log P,False
CC1CCC2N->[Ir]<-N(O)=C2C1,0.9639000000000002,CC1CCC2N->[Ir]<-N(O)=C2C1,CC1CCC2N->[Ir]<-N=C2C1,0.4634146341463415,log P,True
Fc1cccc(N2->[Ir]<-O=C3CCC4(C=CC=CC4)C=23)c1,3.763600000000003,Fc1cccc(N2->[Ir]<-O=C3CCC4(C=CC=CC4)C=23)c1,Fc1cc(Cl)cc(N2->[Ir]<-n3ccc4ccccc4c3N=2)c1,0.23711340206185566,log P,False
Fc1cccc(N2->[Ir]<-O=C3CCC4(C=CC=CC4)C=23)c1,3.763600000000003,Fc1cccc(N2->[Ir]<-O=C3CCC4(C=CC=CC4)C=23)c1,Fc1cccc(N2->[Ir]<-O=C3CCCC=23)c1,0.5147058823529411,log P,True
O=Cc1ccccc1C=N1->[Ir]<-N(=Cc2ccccc2Cl)CC1,3.690500000000003,O=Cc1ccccc1C=N1->[Ir]<-N(=Cc2ccccc2Cl)CC1,O=Cc1cccc(-c2ccc3c(c2)N->[Ir]<-N3=Cc2ccccc2Cl)c1Cl,0.40404040404040403,log P,False
O=Cc1ccccc1C=N1->[Ir]<-N(=Cc2ccccc2Cl)CC1,3.690500000000003,O=Cc1ccccc1C=N1->[Ir]<-N(=Cc2ccccc2Cl)CC1,O=Cc1cccc(O)c1C=N1->[Ir]<-NCC1,0.2891566265060241,log P,True
Brc1cccc(-n23->[Ir]<-n4ccccc4-c2ccn3)c1,3.6968000000000014,Brc1cccc(-n23->[Ir]<-n4ccccc4-c2ccn3)c1,BrC1=CC2c3cc4sc5ccccc5c4cn3->[Ir]<-N2(c2cccc(Br)c2)C=C1,0.36633663366336633,log P,False
Brc1cccc(-n23->[Ir]<-n4ccccc4-c2ccn3)c1,3.6968000000000014,Brc1cccc(-n23->[Ir]<-n4ccccc4-c2ccn3)c1,Brc1cccc(N2->[Ir]<-Nc3ncncc32)c1,0.2716049382716049,log P,True
CSc1cc(-c2ccccc2)cn2->[Ir]<-n3ccccc3-c12,4.532500000000003,CSc1cc(-c2ccccc2)cn2->[Ir]<-n3ccccc3-c12,CSc1cn2->[Ir]<-n3cc4c(cc3-c2cc1-c1cccc(Cl)c1)sc1ccccc14,0.4,log P,False
CSc1cc(-c2ccccc2)cn2->[Ir]<-n3ccccc3-c12,4.532500000000003,CSc1cc(-c2ccccc2)cn2->[Ir]<-n3ccccc3-c12,CSc1cncc(C2NC=O->[Ir]<-n3ccccc32)c1,0.2826086956521739,log P,True
CN1->[Ir]<-N(c2ccccc2)=C2C=CC3(C=CC=CC3)C=12,3.902200000000003,CN1->[Ir]<-N(c2ccccc2)=C2C=CC3(C=CC=CC3)C=12,Nc1ccccc1N1->[Ir]<-N=C2C=1Cc1c2ccc2ccccc12,0.23300970873786409,log P,False
CN1->[Ir]<-N(c2ccccc2)=C2C=CC3(C=CC=CC3)C=12,3.902200000000003,CN1->[Ir]<-N(c2ccccc2)=C2C=CC3(C=CC=CC3)C=12,CN1->[Ir]<-N(C)=C2C=1Cc1ccccc12,0.2692307692307692,log P,True
CC1=N->[Ir]<-N(c2ccccc2)=CC12C=CC=CC2,3.9310700000000014,CC1=N->[Ir]<-N(c2ccccc2)=CC12C=CC=CC2,Cc1ccccc1N1->[Ir]<-N(c2cccc3ccccc23)=CN=1,0.2553191489361702,log P,False
CC1=N->[Ir]<-N(c2ccccc2)=CC12C=CC=CC2,3.9310700000000014,CC1=N->[Ir]<-N(c2ccccc2)=CC12C=CC=CC2,CC1=N->[Ir]<-N(c2ccccc2)=CC12C=CC=CC2,1.0,log P,True
c1ccc(N2->[Ir]<-O=c3c=2ccc2ccccc32)cc1,3.6688000000000014,c1ccc(N2->[Ir]<-O=c3c=2ccc2ccccc32)cc1,c1ccc2c(N3->[Ir]<-n4ccc5ccccc5c4N=3)cccc2c1,0.4318181818181818,log P,False
c1ccc(N2->[Ir]<-O=c3c=2ccc2ccccc32)cc1,3.6688000000000014,c1ccc(N2->[Ir]<-O=c3c=2ccc2ccccc32)cc1,c1ccc(N2->[Ir]<-O=C3CCCCC=23)cc1,0.36,log P,True
Nc1c[nH]c2c1SC(=C1c3ccccn3->[Ir]<-n3ccccc31)S2,4.001800000000001,Nc1c[nH]c2c1SC(=C1c3ccccn3->[Ir]<-n3ccccc31)S2,Cn1ccc2c1SC(=C1c3ccccn3->[Ir]<-n3ccccc31)S2,0.6190476190476191,log P,False
Nc1c[nH]c2c1SC(=C1c3ccccn3->[Ir]<-n3ccccc31)S2,4.001800000000001,Nc1c[nH]c2c1SC(=C1c3ccccn3->[Ir]<-n3ccccc31)S2,Nc1[nH]cc2c1SC(=C1c3ccccn3->[Ir]<-n3ccccc31)S2,0.7894736842105263,log P,True
Cc1cccn2->[Ir]<-n3c(-c4ccccc4)cccc3-c12,4.119020000000004,Cc1cccn2->[Ir]<-n3c(-c4ccccc4)cccc3-c12,Cc1ccn2->[Ir]<-n3cc4sc5ccccc5c4c(-c4ccccc4)c3-c2c1,0.4329896907216495,log P,False
Cc1cccn2->[Ir]<-n3c(-c4ccccc4)cccc3-c12,4.119020000000004,Cc1cccn2->[Ir]<-n3c(-c4ccccc4)cccc3-c12,Cc1cccc2n1->[Ir]<-[nH]1ncnc1-2,0.22784810126582278,log P,True
Cc1cccn2->[Ir]<-n3ccc(-c4ccccc4)cc3-c12,4.119020000000004,Cc1cccn2->[Ir]<-n3ccc(-c4ccccc4)cc3-c12,Cc1ccn2->[Ir]<-n3cc4sc5ccccc5c4c(-c4ccccc4)c3-c2c1,0.4946236559139785,log P,False
Cc1cccn2->[Ir]<-n3ccc(-c4ccccc4)cc3-c12,4.119020000000004,Cc1cccn2->[Ir]<-n3ccc(-c4ccccc4)cc3-c12,Cc1ccn2->[Ir]<-[nH]3ncnc3-c2c1,0.2125,log P,True
c1ccc(NC2=S->[Ir]<-S=C2Nc2ccccc2)cc1,3.865400000000001,c1ccc(NC2=S->[Ir]<-S=C2Nc2ccccc2)cc1,c1ccc(C2N=N(c3cccc4ccccc34)->[Ir]<-N2c2ccccc2)cc1,0.2897196261682243,log P,False
c1ccc(NC2=S->[Ir]<-S=C2Nc2ccccc2)cc1,3.865400000000001,c1ccc(NC2=S->[Ir]<-S=C2Nc2ccccc2)cc1,C1=S->[Ir]<-S=C1Nc1ccccc1,0.4090909090909091,log P,True
FC(F)(F)S1->[Ir]<-S(C(F)(F)F)CC1,3.492400000000001,FC(F)(F)S1->[Ir]<-S(C(F)(F)F)CC1,FC(F)(F)S1->[Ir]<-S(C(F)(F)F)c2ccccc21,0.3448275862068966,log P,False
FC(F)(F)S1->[Ir]<-S(C(F)(F)F)CC1,3.492400000000001,FC(F)(F)S1->[Ir]<-S(C(F)(F)F)CC1,FC(F)(F)S1->[Ir]<-SC(S)C1,0.2826086956521739,log P,True
c1ccc(-c2c3n(->[Ir]<-n4ccccc4-3)nc3ccccc23)cc1,4.358800000000002,c1ccc(-c2c3n(->[Ir]<-n4ccccc4-3)nc3ccccc23)cc1,c1ccc(-c2c3n(->[Ir]<-n4ccc5ccccc5c4-3)nc3ccccc23)cc1,0.7045454545454546,log P,False
c1ccc(-c2c3n(->[Ir]<-n4ccccc4-3)nc3ccccc23)cc1,4.358800000000002,c1ccc(-c2c3n(->[Ir]<-n4ccccc4-3)nc3ccccc23)cc1,c1ccc(-c2ccnn3->[Ir]<-n4ccccc4-c23)cc1,0.5949367088607594,log P,True
CC(F)(F)S1->[Ir]<-S(C(F)(F)F)c2ccccc21,5.003300000000001,CC(F)(F)S1->[Ir]<-S(C(F)(F)F)c2ccccc21,CS1->[Ir]<-S(C(C)(F)F)C2C=CC=CC21S,0.2318840579710145,log P,False
CC(F)(F)S1->[Ir]<-S(C(F)(F)F)c2ccccc21,5.003300000000001,CC(F)(F)S1->[Ir]<-S(C(F)(F)F)c2ccccc21,CC(F)(F)S1->[Ir]<-S(C(F)(F)F)CC1,0.3448275862068966,log P,True
Cc1c(O)cccc1-c1ccc2n(->[Ir]<-n3ccccc3-2)c1,3.824620000000003,Cc1c(O)cccc1-c1ccc2n(->[Ir]<-n3ccccc3-2)c1,Cc1cccc(F)c1-c1ccc2n(->[Ir]<-n3cccc(-c4cccc(Cl)c4)c3-2)c1,0.4639175257731959,log P,False
Cc1c(O)cccc1-c1ccc2n(->[Ir]<-n3ccccc3-2)c1,3.824620000000003,Cc1c(O)cccc1-c1ccc2n(->[Ir]<-n3ccccc3-2)c1,Cc1c(O)cccc1C1COC=O->[Ir]<-O1,0.23809523809523808,log P,True
Clc1ccc(C=N2->[Ir]<-n3ccccc3C2)cc1Cl,4.007500000000001,Clc1ccc(C=N2->[Ir]<-n3ccccc3C2)cc1Cl,Clc1ccc(-c2ccn3->[Ir]<-n4ccc(Cl)cc4-c3c2)cc1,0.2840909090909091,log P,False
Clc1ccc(C=N2->[Ir]<-n3ccccc3C2)cc1Cl,4.007500000000001,Clc1ccc(C=N2->[Ir]<-n3ccccc3C2)cc1Cl,Clc1ccc(C=N2->[Ir]<-NCC2)cc1,0.2857142857142857,log P,True
Clc1cc2c(cc1-c1ccccc1)=N(c1ccccc1)->[Ir]<-O=2,4.5481000000000025,Clc1cc2c(cc1-c1ccccc1)=N(c1ccccc1)->[Ir]<-O=2,Clc1cccc(-c2cccc3n2->[Ir]<-N(c2cccc4ccccc24)=N3)c1,0.33962264150943394,log P,False
Clc1cc2c(cc1-c1ccccc1)=N(c1ccccc1)->[Ir]<-O=2,4.5481000000000025,Clc1cc2c(cc1-c1ccccc1)=N(c1ccccc1)->[Ir]<-O=2,ClC(c1ccccc1)N1->[Ir]<-O=CC=1,0.25609756097560976,log P,True
Fc1ccc(N2->[Ir]<-n3ccc(Br)cc3C2)cc1,3.5953000000000026,Fc1ccc(N2->[Ir]<-n3ccc(Br)cc3C2)cc1,Fc1cc(N2->[Ir]<-n3cccc(Br)c3N=2)cc2ccccc12,0.26436781609195403,log P,False
Fc1ccc(N2->[Ir]<-n3ccc(Br)cc3C2)cc1,3.5953000000000026,Fc1ccc(N2->[Ir]<-n3ccc(Br)cc3C2)cc1,Oc1ccc(N2->[Ir]<-Nc3ncccc32)cc1,0.28,log P,True
Cc1ccc(O)c(-c2ccn3->[Ir]<-n4ccccc4-c3c2)c1,3.824620000000003,Cc1ccc(O)c(-c2ccn3->[Ir]<-n4ccccc4-c3c2)c1,Cc1ccc(-c2ccn3->[Ir]<-n4ccc(-c5ccc(Cl)cc5)cc4-c3c2)c(F)c1,0.49473684210526314,log P,False
Cc1ccc(O)c(-c2ccn3->[Ir]<-n4ccccc4-c3c2)c1,3.824620000000003,Cc1ccc(O)c(-c2ccn3->[Ir]<-n4ccccc4-c3c2)c1,Cc1cc(C2=O->[Ir]<-OCCO2)ccc1O,0.20930232558139536,log P,True
Cc1ccc2n(->[Ir]<-N(c3cccc(C)c3C)C2)c1,3.618960000000002,Cc1ccc2n(->[Ir]<-N(c3cccc(C)c3C)C2)c1,Cc1ccn2->[Ir]<-n3cc(Nc4ccc(F)c(C)c4F)cc(C(F)(F)F)c3-c2c1,0.23076923076923078,log P,False
Cc1ccc2n(->[Ir]<-N(c3cccc(C)c3C)C2)c1,3.618960000000002,Cc1ccc2n(->[Ir]<-N(c3cccc(C)c3C)C2)c1,Cc1cncc2c1N->[Ir]<-N2c1c(C)cccc1C,0.3246753246753247,log P,True
c1ccn2->[Ir]<-NC3(CN=c4ccccc4=N3)c2c1,0.1460999999999999,c1ccn2->[Ir]<-NC3(CN=c4ccccc4=N3)c2c1,c1ccn2->[Ir]<-NC3(CN=c4cc5cnccc5cc4=N3)c2c1,0.6,log P,False
c1ccn2->[Ir]<-NC3(CN=c4ccccc4=N3)c2c1,0.1460999999999999,c1ccn2->[Ir]<-NC3(CN=c4ccccc4=N3)c2c1,C1=NCC2(N=C1)N->[Ir]<-n1ccccc12,0.5,log P,True
NC1CNCC2(N1)N->[Ir]<-N=C2c1cccnc1,-1.4179299999999984,NC1CNCC2(N1)N->[Ir]<-N=C2c1cccnc1,FC(F)CN12->[Ir]<-NCC1(c1cccnc1)CNCC2,0.26506024096385544,log P,False
NC1CNCC2(N1)N->[Ir]<-N=C2c1cccnc1,-1.4179299999999984,NC1CNCC2(N1)N->[Ir]<-N=C2c1cccnc1,CC1=N->[Ir]<-NC12NCCNC2N,0.23529411764705882,log P,True
CC(=O)NN=C1C(=O)C=CC(=O)C12C=N->[Ir]<-N2,-1.4664299999999992,CC(=O)NN=C1C(=O)C=CC(=O)C12C=N->[Ir]<-N2,CC(=O)N(N=C1C=CC(=O)C(=O)C12N->[Ir]<-n1ccccc12)c1ccccc1Cl,0.23529411764705882,log P,False
CC(=O)NN=C1C(=O)C=CC(=O)C12C=N->[Ir]<-N2,-1.4664299999999992,CC(=O)NN=C1C(=O)C=CC(=O)C12C=N->[Ir]<-N2,CC(=O)NN=C1C(=O)C(=O)C=C2N->[Ir]<-N=C21,0.3787878787878788,log P,True
NC1NC(Cl)NC12N->[Ir]<-n1ccccc12,-0.8068999999999991,NC1NC(Cl)NC12N->[Ir]<-n1ccccc12,ClC1CN2->[Ir]<-n3ccccc3C2N1Cc1ccccc1,0.2289156626506024,log P,False
NC1NC(Cl)NC12N->[Ir]<-n1ccccc12,-0.8068999999999991,NC1NC(Cl)NC12N->[Ir]<-n1ccccc12,NC1NC(Cl)NC12N->[Ir]<-n1ccccc12,1.0,log P,True
NC1=CNC2(NC=S->[Ir]<-S=CN3C=CNC32N)N1,-1.9164999999999983,NC1=CNC2(NC=S->[Ir]<-S=CN3C=CNC32N)N1,NC1=CNC2N1C=S->[Ir]<-S=CN(Cc1ccccc1)C21NC=CN1,0.26804123711340205,log P,False
NC1=CNC2(NC=S->[Ir]<-S=CN3C=CNC32N)N1,-1.9164999999999983,NC1=CNC2(NC=S->[Ir]<-S=CN3C=CNC32N)N1,NC1NC=S->[Ir]<-S=CN2C=CNC12N,0.4603174603174603,log P,True
CC1(C)NC12N->[Ir]<-NC2(C)C,-0.2394999999999991,CC1(C)NC12N->[Ir]<-NC2(C)C,CC1(C)N->[Ir]<-N23C=CC=CC12C3(C)C,0.29411764705882354,log P,False
CC1(C)NC12N->[Ir]<-NC2(C)C,-0.2394999999999991,CC1(C)NC12N->[Ir]<-NC2(C)C,CC1(C)NC12CN->[Ir]<-N2,0.3684210526315789,log P,True
NC12CNCC1=O->[Ir]<-N2,-2.2276,NC12CNCC1=O->[Ir]<-N2,NC12N->[Ir]<-O=C1Nc1ccccc12,0.23076923076923078,log P,False
NC12CNCC1=O->[Ir]<-N2,-2.2276,NC12CNCC1=O->[Ir]<-N2,NC12CNCC1=O->[Ir]<-N2,1.0,log P,True
Nc1cn2->[Ir]<-N3CNCC4(N)C=CC=CC34c2[nH]1,-0.8389999999999995,Nc1cn2->[Ir]<-N3CNCC4(N)C=CC=CC34c2[nH]1,CN1CNCC2(C1)N->[Ir]<-n1cc(N)[nH]c12,0.3013698630136986,log P,False
Nc1cn2->[Ir]<-N3CNCC4(N)C=CC=CC34c2[nH]1,-0.8389999999999995,Nc1cn2->[Ir]<-N3CNCC4(N)C=CC=CC34c2[nH]1,Nc1cn2->[Ir]<-NC3(NCC(N)CN3)c2[nH]1,0.28378378378378377,log P,True
NC1NC=NC12N->[Ir]<-n1ccccc12,-0.8905999999999985,NC1NC=NC12N->[Ir]<-n1ccccc12,CN1C=N2->[Ir]<-n3ccccc3C2(C(F)(F)F)C1,0.2753623188405797,log P,False
NC1NC=NC12N->[Ir]<-n1ccccc12,-0.8905999999999985,NC1NC=NC12N->[Ir]<-n1ccccc12,NC12NC=NC13C=CC=CN3->[Ir]<-N2,0.2153846153846154,log P,True
C1=NCC23C=N->[Ir]<-N12C=NC3,-0.23943,C1=NCC23C=N->[Ir]<-N12C=NC3,C1=NCC2(C=N->[Ir]<-N2)N1,0.22448979591836735,log P,False
C1=NCC23C=N->[Ir]<-N12C=NC3,-0.23943,C1=NCC23C=N->[Ir]<-N12C=NC3,C1=NCC2(C=N->[Ir]<-N2)N1,0.22448979591836735,log P,True
NC1CNCC2(N1)N->[Ir]<-n1ccccc12,-1.329299999999998,NC1CNCC2(N1)N->[Ir]<-n1ccccc12,CN1CCNC2(C1)N->[Ir]<-n1cc(-n3cnc4ccccc43)ccc12,0.26373626373626374,log P,False
NC1CNCC2(N1)N->[Ir]<-n1ccccc12,-1.329299999999998,NC1CNCC2(N1)N->[Ir]<-n1ccccc12,NC1NCCNC12N->[Ir]<-n1ccccc12,0.5172413793103449,log P,True
COC(=O)CN1->[Ir]<-NCc2ncccc21,0.1252000000000001,COC(=O)CN1->[Ir]<-NCc2ncccc21,COC(=O)c1cccn2->[Ir]<-N(Cc3ccccc3)=Nc12,0.20238095238095238,log P,False
COC(=O)CN1->[Ir]<-NCc2ncccc21,0.1252000000000001,COC(=O)CN1->[Ir]<-NCc2ncccc21,COC(=O)CN1->[Ir]<-NCCC1,0.32142857142857145,log P,True
OCC1N->[Ir]<-n2ccccc21,0.0736999999999999,OCC1N->[Ir]<-n2ccccc21,FCc1ccc(-c2ccc3n(->[Ir]<-n4ccccc4-3)c2)cc1,0.20512820512820512,log P,False
OCC1N->[Ir]<-n2ccccc21,0.0736999999999999,OCC1N->[Ir]<-n2ccccc21,OCC1N->[Ir]<-n2ccccc21,1.0,log P,True
c1ccn2->[Ir]<-NC3(CNCN3)c2c1,-0.6566000000000001,c1ccn2->[Ir]<-NC3(CNCN3)c2c1,C1=CCC2(C=C1)N=c1ccncc1=NC21N->[Ir]<-n2ccccc21,0.2857142857142857,log P,False
c1ccn2->[Ir]<-NC3(CNCN3)c2c1,-0.6566000000000001,c1ccn2->[Ir]<-NC3(CNCN3)c2c1,c1ccn2->[Ir]<-NC3(CNCN3)c2c1,1.0,log P,True
C=C1C=N->[Ir]<-n2c(N)c[nH]c21,-1.5359999999999994,C=C1C=N->[Ir]<-n2c(N)c[nH]c21,C=C1c2n(-c3ccccc3)ccn2->[Ir]<-n2c(N)c[nH]c21,0.2898550724637681,log P,False
C=C1C=N->[Ir]<-n2c(N)c[nH]c21,-1.5359999999999994,C=C1C=N->[Ir]<-n2c(N)c[nH]c21,C=C1C=N->[Ir]<-N=C1,0.24390243902439024,log P,True
CN1->[Ir]<-O(C)CC1,-0.1478000000000001,CN1->[Ir]<-O(C)CC1,CO1->[Ir]<-N(Cc2ccccc2)CC1,0.29545454545454547,log P,False
CN1->[Ir]<-O(C)CC1,-0.1478000000000001,CN1->[Ir]<-O(C)CC1,CN1->[Ir]<-O(C)CC1,1.0,log P,True
COC(=O)C1N->[Ir]<-[SeH]CC1[SeH],-1.5049000000000003,COC(=O)C1N->[Ir]<-[SeH]CC1[SeH],COC(=O)C1CC[Se](c2ccccc2)->[Ir]<-N1,0.22580645161290322,log P,False
COC(=O)C1N->[Ir]<-[SeH]CC1[SeH],-1.5049000000000003,COC(=O)C1N->[Ir]<-[SeH]CC1[SeH],COC(=O)C1C[SeH]->[Ir]<-NC1[SeH],0.6216216216216216,log P,True
NC1NC(=N2->[Ir]<-N=CC23CC=CC=N3)NC1N,-1.518629999999999,NC1NC(=N2->[Ir]<-N=CC23CC=CC=N3)NC1N,CN1CC(=N2->[Ir]<-N=CC23CC=CC=N3)NC1N,0.5555555555555556,log P,False
NC1NC(=N2->[Ir]<-N=CC23CC=CC=N3)NC1N,-1.518629999999999,NC1NC(=N2->[Ir]<-N=CC23CC=CC=N3)NC1N,NC1NC(=N2->[Ir]<-N=C3CN=CC=C32)C(N)N1,0.25,log P,True
Nc1cnnn12->[Ir]<-Nc1ccncc1-2,-0.1733000000000001,Nc1cnnn12->[Ir]<-Nc1ccncc1-2,c1cncc(Cn23->[Ir]<-n4ccccc4-c2cnn3)c1,0.2727272727272727,log P,False
Nc1cnnn12->[Ir]<-Nc1ccncc1-2,-0.1733000000000001,Nc1cnnn12->[Ir]<-Nc1ccncc1-2,Nc1cn2(->[Ir]<-Nc3ccncc3-2)nn1,0.5769230769230769,log P,True
OC12NCC1(c1ccccc1)N->[Ir]<-N2,-0.9513999999999992,OC12NCC1(c1ccccc1)N->[Ir]<-N2,OC12c3ccccn3->[Ir]<-N1CC2c1ccccc1,0.25333333333333335,log P,False
OC12NCC1(c1ccccc1)N->[Ir]<-N2,-0.9513999999999992,OC12NCC1(c1ccccc1)N->[Ir]<-N2,OCC12NCC1(O)N->[Ir]<-N2,0.2777777777777778,log P,True
CN1C2=[Be]->[Ir]<-n3cnccc3N2c2ccccc21,2.06079,CN1C2=[Be]->[Ir]<-n3cnccc3N2c2ccccc21,CN1C2=[Be]->[Ir]<-n3cnccc3N2c2ccccc21,1.0,log P,False
CN1C2=[Be]->[Ir]<-n3cnccc3N2c2ccccc21,2.06079,CN1C2=[Be]->[Ir]<-n3cnccc3N2c2ccccc21,CN1C2=[Be]->[Ir]<-n3cnccc3N2c2ccccc21,1.0,log P,True
Cc1ccc(N2C=[Be]->[Ir]<-n3cc(N)[nH]c32)cc1C,2.29243,Cc1ccc(N2C=[Be]->[Ir]<-n3cc(N)[nH]c32)cc1C,Cc1ccc(N2->[Ir]<-N=NC=2c2ccc(N)cc2)c(C)c1,0.27058823529411763,log P,False
Cc1ccc(N2C=[Be]->[Ir]<-n3cc(N)[nH]c32)cc1C,2.29243,Cc1ccc(N2C=[Be]->[Ir]<-n3cc(N)[nH]c32)cc1C,Cc1ccc(N2C=[Be]->[Ir]<-n3cc(N)[nH]c32)cc1C,1.0,log P,True
COC(C)P1(c2ccccc2)->[Ir]<-Nc2cccnc21,2.0889,COC(C)P1(c2ccccc2)->[Ir]<-Nc2cccnc21,COC1(c2ccccc2)P->[Ir]<-N23C=CC=CC12N(C)C=C3,0.23404255319148937,log P,False
COC(C)P1(c2ccccc2)->[Ir]<-Nc2cccnc21,2.0889,COC(C)P1(c2ccccc2)->[Ir]<-Nc2cccnc21,COC(C)P1(CO)->[Ir]<-Nc2ccccc21,0.4264705882352941,log P,True
Brc1ccc2n(->[Ir]<-[Be]=C3SCCN32)c1,2.393590000000001,Brc1ccc2n(->[Ir]<-[Be]=C3SCCN32)c1,Brc1ccc2n(->[Ir]<-[Be]=C3SCCN32)c1,1.0,log P,False
Brc1ccc2n(->[Ir]<-[Be]=C3SCCN32)c1,2.393590000000001,Brc1ccc2n(->[Ir]<-[Be]=C3SCCN32)c1,Brc1ccc2n(->[Ir]<-[Be]=C3SCCN32)c1,1.0,log P,True
c1ccn2->[Ir]<-S=C(Nc3ccncc3)Nc2c1,2.2855,c1ccn2->[Ir]<-S=C(Nc3ccncc3)Nc2c1,c1ccn2->[Ir]<-S=C(Nc3nccc4ccccc34)Nc2c1,0.5616438356164384,log P,False
c1ccn2->[Ir]<-S=C(Nc3ccncc3)Nc2c1,2.2855,c1ccn2->[Ir]<-S=C(Nc3ccncc3)Nc2c1,C1=O->[Ir]<-N(c2ccncc2)C1,0.23529411764705882,log P,True
Fc1ccccc1C1n2cccn2->[Ir]<-n2cccn21,2.3138999999999994,Fc1ccccc1C1n2cccn2->[Ir]<-n2cccn21,Fc1c(Cl)cccc1-c1cc2n(->[Ir]<-n3ccccc3-2)[nH]1,0.25274725274725274,log P,False
Fc1ccccc1C1n2cccn2->[Ir]<-n2cccn21,2.3138999999999994,Fc1ccccc1C1n2cccn2->[Ir]<-n2cccn21,Oc1ccccc1C1Nn2(->[Ir]<-n3(cccn3)N1)cccn2,0.2553191489361702,log P,True
Oc1cccc(Cn23->[Ir]<-n4ccccc4-c2cnn3)c1,2.0939999999999994,Oc1cccc(Cn23->[Ir]<-n4ccccc4-c2cnn3)c1,Fc1cc(Cl)cc(-c2ccn3->[Ir]<-n4ccccc4-c3c2)c1,0.2903225806451613,log P,False
Oc1cccc(Cn23->[Ir]<-n4ccccc4-c2cnn3)c1,2.0939999999999994,Oc1cccc(Cn23->[Ir]<-n4ccccc4-c2cnn3)c1,COc1cccc(Cn23->[Ir]<-NCc2cnn3)c1,0.3625,log P,True
C(c1cccc2c1OCO2)=N1->[Ir]<-O=C(c2ccccc2)N1,2.1792,C(c1cccc2c1OCO2)=N1->[Ir]<-O=C(c2ccccc2)N1,C(c1cccc2c1OCO2)=N1->[Ir]<-O=C(c2ccccc2)N1,1.0,log P,False
C(c1cccc2c1OCO2)=N1->[Ir]<-O=C(c2ccccc2)N1,2.1792,C(c1cccc2c1OCO2)=N1->[Ir]<-O=C(c2ccccc2)N1,C1=O->[Ir]<-N(=Cc2cccc3c2OCO3)N1,0.5211267605633803,log P,True
CC(C)(C)c1cc2n(->[Ir]<-S(CC=O)C2)[nH]1,2.1393,CC(C)(C)c1cc2n(->[Ir]<-S(CC=O)C2)[nH]1,CC(C)(C)c1cc2n(->[Ir]<-S(CC=O)C2S)[nH]1,0.5555555555555556,log P,False
CC(C)(C)c1cc2n(->[Ir]<-S(CC=O)C2)[nH]1,2.1393,CC(C)(C)c1cc2n(->[Ir]<-S(CC=O)C2)[nH]1,Cc1cc(C(C)(C)C)n2(->[Ir]<-n3cc(N)[nH]c3N2)n1,0.2,log P,True
CC(C)S1->[Ir]<-Nc2ccncc21,2.1643,CC(C)S1->[Ir]<-Nc2ccncc21,CC(c1cccnc1)S1->[Ir]<-n2ccccc2C1,0.23529411764705882,log P,False
CC(C)S1->[Ir]<-Nc2ccncc21,2.1643,CC(C)S1->[Ir]<-Nc2ccncc21,CC(C)S1->[Ir]<-Nc2ccncc21,1.0,log P,True
COC(=O)c1cccc(C2n3cccn3->[Ir]<-n3cccn32)c1,1.9614,COC(=O)c1cccc(C2n3cccn3->[Ir]<-n3cccn32)c1,O=C(c1cccc(O)c1)c1cccn2->[Ir]<-N(c3ccccc3)=Nc12,0.2761904761904762,log P,False
COC(=O)c1cccc(C2n3cccn3->[Ir]<-n3cccn32)c1,1.9614,COC(=O)c1cccc(C2n3cccn3->[Ir]<-n3cccn32)c1,COC(=O)C1N->[Ir]<-[Se](C)c2ccccc21,0.21839080459770116,log P,True
CP1(c2ccccc2)->[Ir]<-N=CCO1,2.00477,CP1(c2ccccc2)->[Ir]<-N=CCO1,CP1(c2ccccc2)->[Ir]<-SC23C=CC=CC21N=CC(Br)=C3,0.2857142857142857,log P,False
CP1(c2ccccc2)->[Ir]<-N=CCO1,2.00477,CP1(c2ccccc2)->[Ir]<-N=CCO1,CP1(C)->[Ir]<-N=CCO1,0.36363636363636365,log P,True
C(#Cc1ccccc1)CN1->[Ir]<-Nc2cccnc21,2.1274,C(#Cc1ccccc1)CN1->[Ir]<-Nc2cccnc21,Cc1c(Cn23->[Ir]<-n4ccccc4-c2cnn3)ccc2ccccc12,0.22549019607843138,log P,False
C(#Cc1ccccc1)CN1->[Ir]<-Nc2cccnc21,2.1274,C(#Cc1ccccc1)CN1->[Ir]<-Nc2cccnc21,C(#Cc1ccccc1)CN1->[Ir]<-NCC1,0.45454545454545453,log P,True
c1ccc(NN2->[Ir]<-n3ccccc3C2)cc1,2.1983,c1ccc(NN2->[Ir]<-n3ccccc3C2)cc1,c1ccn2->[Ir]<-N(c3ccc4ccccc4c3)=Nc2c1,0.34615384615384615,log P,False
c1ccc(NN2->[Ir]<-n3ccccc3C2)cc1,2.1983,c1ccc(NN2->[Ir]<-n3ccccc3C2)cc1,c1ccc(NN2->[Ir]<-NCC2)cc1,0.423728813559322,log P,True
O=C(CS1->[Ir]<-Nc2ccncc21)Nc1ccccc1,2.3946000000000005,O=C(CS1->[Ir]<-Nc2ccncc21)Nc1ccccc1,O=C(CS1->[Ir]<-n2(cccn2)-c2ccncc21)Nc1ccccc1,0.5897435897435898,log P,False
O=C(CS1->[Ir]<-Nc2ccncc21)Nc1ccccc1,2.3946000000000005,O=C(CS1->[Ir]<-Nc2ccncc21)Nc1ccccc1,NC(=O)CS1->[Ir]<-Nc2ccncc21,0.5245901639344263,log P,True
COCC1(C(S)S)C(S)S->[Ir]<-SC1S,2.176300000000001,COCC1(C(S)S)C(S)S->[Ir]<-SC1S,COCC1(C(S)S)CS(C(C)C)->[Ir]<-SC1S,0.3620689655172414,log P,False
COCC1(C(S)S)C(S)S->[Ir]<-SC1S,2.176300000000001,COCC1(C(S)S)C(S)S->[Ir]<-SC1S,CS1->[Ir]<-SCC(S)C1(C(O)O)C(S)S,0.21666666666666667,log P,True
COC(C)c1ccc2n(->[Ir]<-N=C2C)c1,2.1767700000000003,COC(C)c1ccc2n(->[Ir]<-N=C2C)c1,COC(c1cccs1)c1cccn2->[Ir]<-n3ccccc3-c12,0.20238095238095238,log P,False
COC(C)c1ccc2n(->[Ir]<-N=C2C)c1,2.1767700000000003,COC(C)c1ccc2n(->[Ir]<-N=C2C)c1,COC(C)CN1->[Ir]<-n2ccccc2C1,0.234375,log P,True
CCN1(Cc2cccnc2)->[Ir]<-Nc2cnccc21,2.0853,CCN1(Cc2cccnc2)->[Ir]<-Nc2cnccc21,Cc1cncc(Cn23->[Ir]<-n4ccccc4-c2c(-c2ccccc2)cn3)c1,0.23809523809523808,log P,False
CCN1(Cc2cccnc2)->[Ir]<-Nc2cnccc21,2.0853,CCN1(Cc2cccnc2)->[Ir]<-Nc2cnccc21,CCN1(C)->[Ir]<-NCC1c1cccnc1,0.30985915492957744,log P,True
CN1(C)->[Ir]<-N(=Cc2cccc(Cl)c2)CC1,2.3205,CN1(C)->[Ir]<-N(=Cc2cccc(Cl)c2)CC1,CN1(c2cccc(Cl)c2)->[Ir]<-n2ccccc2C1,0.3382352941176471,log P,False
CN1(C)->[Ir]<-N(=Cc2cccc(Cl)c2)CC1,2.3205,CN1(C)->[Ir]<-N(=Cc2cccc(Cl)c2)CC1,CN1(C)->[Ir]<-N(=Cc2cccc(O)c2)CC1,0.75,log P,True
CCS1->[Ir]<-S(C)C(C#N)=C1C#N,2.3612600000000006,CCS1->[Ir]<-S(C)C(C#N)=C1C#N,CCS1->[Ir]<-S(CC#N)c2cc(F)ncc21,0.2542372881355932,log P,False
CCS1->[Ir]<-S(C)C(C#N)=C1C#N,2.3612600000000006,CCS1->[Ir]<-S(C)C(C#N)=C1C#N,CCS1->[Ir]<-S(C)C(C#N)=C1C#N,1.0,log P,True
Cc1ccc(C2=N(O)->[Ir]<-[Be]=C3N(C)C=CN32)cc1,1.84571,Cc1ccc(C2=N(O)->[Ir]<-[Be]=C3N(C)C=CN32)cc1,Cc1ccc(C2=N(O)->[Ir]<-[Be]=C3N(C)C=CN32)cc1,1.0,log P,False
Cc1ccc(C2=N(O)->[Ir]<-[Be]=C3N(C)C=CN32)cc1,1.84571,Cc1ccc(C2=N(O)->[Ir]<-[Be]=C3N(C)C=CN32)cc1,Cc1ccc(C2=N(O)->[Ir]<-[Be]=C3N(C)C=CN32)cc1,1.0,log P,True
OCc1ccc(-c2ccn3n2->[Ir]<-n2cccnc2-3)cc1,1.8216,OCc1ccc(-c2ccn3n2->[Ir]<-n2cccnc2-3)cc1,OCc1ccc(-c2cc3n(->[Ir]<-n4ccccc4-3)[nH]2)cc1,0.4936708860759494,log P,False
OCc1ccc(-c2ccn3n2->[Ir]<-n2cccnc2-3)cc1,1.8216,OCc1ccc(-c2ccn3n2->[Ir]<-n2cccnc2-3)cc1,OCc1ccc(-c2ccn3(->[Ir]<-n4cccnc4N3)n2)cc1,0.5125,log P,True
CCN1->[Ir]<-n2ccccc2C1C,1.7520999999999998,CCN1->[Ir]<-n2ccccc2C1C,Cc1ccnc(Cn23->[Ir]<-n4ccccc4-c2c(C)cn3)c1,0.23376623376623376,log P,False
CCN1->[Ir]<-n2ccccc2C1C,1.7520999999999998,CCN1->[Ir]<-n2ccccc2C1C,CCN1->[Ir]<-NCC1C,0.24444444444444444,log P,True
CC1c2ccc(Br)cn2->[Ir]<-N1O,1.8839,CC1c2ccc(Br)cn2->[Ir]<-N1O,CC1c2ccc(Br)cn2->[Ir]<-N1O,1.0,log P,False
CC1c2ccc(Br)cn2->[Ir]<-N1O,1.8839,CC1c2ccc(Br)cn2->[Ir]<-N1O,CC1c2ccccn2->[Ir]<-N1O,0.5238095238095238,log P,True
Cc1ccc(C=N2->[Ir]<-N(C)(C)CC2)c(O)c1,1.68112,Cc1ccc(C=N2->[Ir]<-N(C)(C)CC2)c(O)c1,Cc1ccc(C=N2->[Ir]<-N(C)(C)c3cnc(C)cc32)c(F)c1,0.34210526315789475,log P,False
Cc1ccc(C=N2->[Ir]<-N(C)(C)CC2)c(O)c1,1.68112,Cc1ccc(C=N2->[Ir]<-N(C)(C)CC2)c(O)c1,Cc1cc(C=N2->[Ir]<-N(C)(C)CC2)ccc1O,0.660377358490566,log P,True
CON1->[Ir]<-n2cc3ccccc3cc2C1,1.8858,CON1->[Ir]<-n2cc3ccccc3cc2C1,Clc1ccc(C=N2->[Ir]<-n3ccccc3C2)cc1Cl,0.2631578947368421,log P,False
CON1->[Ir]<-n2cc3ccccc3cc2C1,1.8858,CON1->[Ir]<-n2cc3ccccc3cc2C1,CON1->[Ir]<-n2cc3ccccc3cc2C1,1.0,log P,True
CN1C=CN2C1=S->[Ir]<-n1ccccc12,1.94029,CN1C=CN2C1=S->[Ir]<-n1ccccc12,Cn12->[Ir]<-S=C3C=CC=C(Cl)N3c1ccc2,0.21739130434782608,log P,False
CN1C=CN2C1=S->[Ir]<-n1ccccc12,1.94029,CN1C=CN2C1=S->[Ir]<-n1ccccc12,CN1C=CN2C1=S->[Ir]<-n1ccccc12,1.0,log P,True
ON1->[Ir]<-N(c2ccccc2)=C2C=CN=CC21,1.7046,ON1->[Ir]<-N(c2ccccc2)=C2C=CN=CC21,Clc1ccccc1-n12->[Ir]<-n3ccccc3-c1ccn2,0.24096385542168675,log P,False
ON1->[Ir]<-N(c2ccccc2)=C2C=CN=CC21,1.7046,ON1->[Ir]<-N(c2ccccc2)=C2C=CN=CC21,NC12C=NC=CC1=N->[Ir]<-N2O,0.2,log P,True
c1cncc(Cn23->[Ir]<-n4ccccc4-c2cnn3)c1,1.7833999999999994,c1cncc(Cn23->[Ir]<-n4ccccc4-c2cnn3)c1,c1cncc(Cn23->[Ir]<-n4ccccc4-c2cnn3)c1,1.0,log P,False
c1cncc(Cn23->[Ir]<-n4ccccc4-c2cnn3)c1,1.7833999999999994,c1cncc(Cn23->[Ir]<-n4ccccc4-c2cnn3)c1,Oc1cncc(CN2->[Ir]<-Nc3ccncc32)c1,0.2441860465116279,log P,True
c1ccn2->[Ir]<-n3nc(-c4ccncc4)cn3Cc2c1,1.7833999999999994,c1ccn2->[Ir]<-n3nc(-c4ccncc4)cn3Cc2c1,c1ccc(-c2ccn3->[Ir]<-n4[nH]cc(-c5ccncc5)c4-c3c2)cc1,0.35789473684210527,log P,False
c1ccn2->[Ir]<-n3nc(-c4ccncc4)cn3Cc2c1,1.7833999999999994,c1ccn2->[Ir]<-n3nc(-c4ccncc4)cn3Cc2c1,c1ccn2->[Ir]<-N(C3CCCCC3)CCc2c1,0.20689655172413793,log P,True
CN(C)N1->[Ir]<-n2ccccc2C1c1cccnc1,1.6321999999999997,CN(C)N1->[Ir]<-n2ccccc2C1c1cccnc1,CN(Cc1ccccc1)Cc1ccc2n(->[Ir]<-n3ccccc3-2)c1,0.2631578947368421,log P,False
CN(C)N1->[Ir]<-n2ccccc2C1c1cccnc1,1.6321999999999997,CN(C)N1->[Ir]<-n2ccccc2C1c1cccnc1,CC1c2ccccn2->[Ir]<-N1N(C)C,0.5172413793103449,log P,True
COc1ccn2->[Ir]<-N(C(C)C)=Cc2c1,1.9175,COc1ccn2->[Ir]<-N(C(C)C)=Cc2c1,COc1ccn2->[Ir]<-N(c3ccc(C(F)(F)F)cc3)=Cc2c1,0.4,log P,False
COc1ccn2->[Ir]<-N(C(C)C)=Cc2c1,1.9175,COc1ccn2->[Ir]<-N(C(C)C)=Cc2c1,COc1ccn2->[Ir]<-NC(N)c2c1,0.37735849056603776,log P,True
Oc1cccc(CN2->[Ir]<-n3ccccc3N2)c1,1.9039,Oc1cccc(CN2->[Ir]<-n3ccccc3N2)c1,Clc1cccc(Cn23->[Ir]<-n4ccccc4-c2ccn3)c1,0.3625,log P,False
Oc1cccc(CN2->[Ir]<-n3ccccc3N2)c1,1.9039,Oc1cccc(CN2->[Ir]<-n3ccccc3N2)c1,COc1cccc(Cn23->[Ir]<-NNc2cnn3)c1,0.21951219512195122,log P,True
CCn1ccn2->[Ir]<-N(C)(C)C(C)c12,1.5255999999999998,CCn1ccn2->[Ir]<-N(C)(C)C(C)c12,CCn1ccn2->[Ir]<-N3C=CC(C)=CC3(c3ccccc3F)c12,0.225,log P,False
CCn1ccn2->[Ir]<-N(C)(C)C(C)c12,1.5255999999999998,CCn1ccn2->[Ir]<-N(C)(C)C(C)c12,CCn12->[Ir]<-N(C)(C)C(C)c1cnc2,0.32075471698113206,log P,True
Nc1cn2->[Ir]<-[Be]=C(c3cccc(F)c3)Nc2[nH]1,1.62999,Nc1cn2->[Ir]<-[Be]=C(c3cccc(F)c3)Nc2[nH]1,Nc1cn2->[Ir]<-[Be]=C(c3cccc(F)c3)Nc2[nH]1,1.0,log P,False
Nc1cn2->[Ir]<-[Be]=C(c3cccc(F)c3)Nc2[nH]1,1.62999,Nc1cn2->[Ir]<-[Be]=C(c3cccc(F)c3)Nc2[nH]1,Nc1cn2->[Ir]<-[Be]=C(c3cccc(F)c3)Nc2[nH]1,1.0,log P,True
Cc1c[nH]n2->[Ir]<-N=CC(C)(C)c12,1.64529,Cc1c[nH]n2->[Ir]<-N=CC(C)(C)c12,Cc1c[nH]n2->[Ir]<-N=C3C=CC=CC3c12,0.2982456140350877,log P,False
Cc1c[nH]n2->[Ir]<-N=CC(C)(C)c12,1.64529,Cc1c[nH]n2->[Ir]<-N=CC(C)(C)c12,Cc1cn[nH]2->[Ir]<-N=CC(C)(C)c12,0.375,log P,True
c1ccn2->[Ir]<-N(Cc3ccoc3)Nc2c1,1.7912999999999997,c1ccn2->[Ir]<-N(Cc3ccoc3)Nc2c1,Clc1cccn2->[Ir]<-n3(C4CCc5ccccc5C4)nncc3-c12,0.20212765957446807,log P,False
c1ccn2->[Ir]<-N(Cc3ccoc3)Nc2c1,1.7912999999999997,c1ccn2->[Ir]<-N(Cc3ccoc3)Nc2c1,CN1->[Ir]<-n2ccccc2N1,0.45098039215686275,log P,True
c1ccn2->[Ir]<-n3nc(-c4ccncc4)cn3Cc2c1,1.7833999999999994,c1ccn2->[Ir]<-n3nc(-c4ccncc4)cn3Cc2c1,c1ccc(-c2ccn3->[Ir]<-n4[nH]cc(-c5ccncc5)c4-c3c2)cc1,0.35789473684210527,log P,False
c1ccn2->[Ir]<-n3nc(-c4ccncc4)cn3Cc2c1,1.7833999999999994,c1ccn2->[Ir]<-n3nc(-c4ccncc4)cn3Cc2c1,c1ccn2->[Ir]<-N(C3CCCCC3)CCc2c1,0.20689655172413793,log P,True
CC(C)c1cn2n(->[Ir]<-n3ccccc3C2)n1,1.8448,CC(C)c1cn2n(->[Ir]<-n3ccccc3C2)n1,CC(c1ccccc1)=N1->[Ir]<-n2ccccc2C1,0.37142857142857144,log P,False
CC(C)c1cn2n(->[Ir]<-n3ccccc3C2)n1,1.8448,CC(C)c1cn2n(->[Ir]<-n3ccccc3C2)n1,CC(C)c1cn2n(->[Ir]<-NCC2)n1,0.3793103448275862,log P,True
c1ccc(S2->[Ir]<-NNc3c[nH]nc32)cc1,1.8465,c1ccc(S2->[Ir]<-NNc3c[nH]nc32)cc1,SC1(c2cccnc2)C=N->[Ir]<-S1c1ccccc1,0.30666666666666664,log P,False
c1ccc(S2->[Ir]<-NNc3c[nH]nc32)cc1,1.8465,c1ccc(S2->[Ir]<-NNc3c[nH]nc32)cc1,c1ccc([Se]2->[Ir]<-NCC2)cc1,0.25806451612903225,log P,True
c1ccc(C2=NC3(CO2)N->[Ir]<-n2ccccc23)cc1,1.6701,c1ccc(C2=NC3(CO2)N->[Ir]<-n2ccccc23)cc1,c1ccc(-c2ccn3->[Ir]<-n4cc(-c5ccccc5)ccc4-c3c2)cc1,0.3069306930693069,log P,False
c1ccc(C2=NC3(CO2)N->[Ir]<-n2ccccc23)cc1,1.6701,c1ccc(C2=NC3(CO2)N->[Ir]<-n2ccccc23)cc1,c1ccc(C2=NC3=N->[Ir]<-[SeH]C3O2)cc1,0.32,log P,True
COc1ccn2->[Ir]<-N(C(C)C)=Cc2c1,1.9175,COc1ccn2->[Ir]<-N(C(C)C)=Cc2c1,COc1ccn2->[Ir]<-N(c3ccc(C(F)(F)F)cc3)=Cc2c1,0.4,log P,False
COc1ccn2->[Ir]<-N(C(C)C)=Cc2c1,1.9175,COc1ccn2->[Ir]<-N(C(C)C)=Cc2c1,COc1ccn2->[Ir]<-NC(N)c2c1,0.37735849056603776,log P,True
CC(=O)C1=CCN2->[Ir]<-n3ccccc3C2=C1,1.5411,CC(=O)C1=CCN2->[Ir]<-n3ccccc3C2=C1,O=C(F)c1ccn2->[Ir]<-n3ccc(C(=O)c4ccccc4)cc3-c2c1,0.22340425531914893,log P,False
CC(=O)C1=CCN2->[Ir]<-n3ccccc3C2=C1,1.5411,CC(=O)C1=CCN2->[Ir]<-n3ccccc3C2=C1,CC(=O)C1=CNC2N->[Ir]<-NC2=C1,0.21212121212121213,log P,True
CC(c1ccccc1)=N1->[Ir]<-S=C(N2CCOCC2)N1,1.6173,CC(c1ccccc1)=N1->[Ir]<-S=C(N2CCOCC2)N1,CC(c1ccccc1)=N1->[Ir]<-S=CN1c1ccccc1,0.3333333333333333,log P,False
CC(c1ccccc1)=N1->[Ir]<-S=C(N2CCOCC2)N1,1.6173,CC(c1ccccc1)=N1->[Ir]<-S=C(N2CCOCC2)N1,CC1(c2ccccc2)CCN2->[Ir]<-N1CC2N,0.2289156626506024,log P,True
c1cncc(Cn23->[Ir]<-n4ccccc4-c2cnn3)c1,1.7833999999999994,c1cncc(Cn23->[Ir]<-n4ccccc4-c2cnn3)c1,c1cncc(Cn23->[Ir]<-n4ccccc4-c2cnn3)c1,1.0,log P,False
c1cncc(Cn23->[Ir]<-n4ccccc4-c2cnn3)c1,1.7833999999999994,c1cncc(Cn23->[Ir]<-n4ccccc4-c2cnn3)c1,Oc1cncc(CN2->[Ir]<-Nc3ccncc32)c1,0.2441860465116279,log P,True
Cc1ccn2->[Ir]<-NC(C)(C)c2c1,1.58382,Cc1ccn2->[Ir]<-NC(C)(C)c2c1,Cc1ccn2->[Ir]<-n3ccc(C(C)C)cc3-c2c1,0.3064516129032258,log P,False
Cc1ccn2->[Ir]<-NC(C)(C)c2c1,1.58382,Cc1ccn2->[Ir]<-NC(C)(C)c2c1,Cc1ccn2->[Ir]<-NCc2c1,0.4418604651162791,log P,True
On12->[Ir]<-N=C(c3ccccc3)c1ccn2,1.5365699999999998,On12->[Ir]<-N=C(c3ccccc3)c1ccn2,Fc1c(Cl)cccc1-c1cc2n(->[Ir]<-n3ccccc3-2)[nH]1,0.2289156626506024,log P,False
On12->[Ir]<-N=C(c3ccccc3)c1ccn2,1.5365699999999998,On12->[Ir]<-N=C(c3ccccc3)c1ccn2,CC1=N->[Ir]<-n2(O)nccc21,0.44,log P,True
Cc1scc(C2C(C)N->[Ir]<-N2O)c1C,1.7320399999999998,Cc1scc(C2C(C)N->[Ir]<-N2O)c1C,CC1=CC=CN2->[Ir]<-NC(C)C12c1cscc1C,0.2647058823529412,log P,False
Cc1scc(C2C(C)N->[Ir]<-N2O)c1C,1.7320399999999998,Cc1scc(C2C(C)N->[Ir]<-N2O)c1C,Cc1scc(C2N->[Ir]<-N(O)C2C)c1C,0.6888888888888889,log P,True
C1=N->[Ir]<-NC12OPOCc1ccccc12,1.5029699999999997,C1=N->[Ir]<-NC12OPOCc1ccccc12,c1ccc(SC2OPOC3(N->[Ir]<-n4ccccc43)c3ccccc32)cc1,0.24242424242424243,log P,False
C1=N->[Ir]<-NC12OPOCc1ccccc12,1.5029699999999997,C1=N->[Ir]<-NC12OPOCc1ccccc12,C1=N->[Ir]<-NC12OPOCc1ccccc12,1.0,log P,True
c1ccc(Cn2cc3n(->[Ir]<-n4cccn4C3)n2)cc1,1.5711999999999997,c1ccc(Cn2cc3n(->[Ir]<-n4cccn4C3)n2)cc1,c1ccn2->[Ir]<-n3nn(Cc4cccc5ccccc45)cc3-c2c1,0.3695652173913043,log P,False
c1ccc(Cn2cc3n(->[Ir]<-n4cccn4C3)n2)cc1,1.5711999999999997,c1ccc(Cn2cc3n(->[Ir]<-n4cccn4C3)n2)cc1,c1ccc(Cn2nnc3c2NN->[Ir]<-N3)cc1,0.2962962962962963,log P,True
Nc1ccccc1C1n2cccn2->[Ir]<-n2cccn21,1.757,Nc1ccccc1C1n2cccn2->[Ir]<-n2cccn21,Nc1ccc2ccccc2c1-c1cc2n(->[Ir]<-n3ccccc3-2)[nH]1,0.2916666666666667,log P,False
Nc1ccccc1C1n2cccn2->[Ir]<-n2cccn21,1.757,Nc1ccccc1C1n2cccn2->[Ir]<-n2cccn21,Nc1ccccc1C1Nn2(->[Ir]<-n3(cccn3)N1)cccn2,0.3258426966292135,log P,True
c1ccc(Cn2cc3n(->[Ir]<-n4cccn4C3)n2)cc1,1.5711999999999997,c1ccc(Cn2cc3n(->[Ir]<-n4cccn4C3)n2)cc1,c1ccn2->[Ir]<-n3nn(Cc4cccc5ccccc45)cc3-c2c1,0.3695652173913043,log P,False
c1ccc(Cn2cc3n(->[Ir]<-n4cccn4C3)n2)cc1,1.5711999999999997,c1ccc(Cn2cc3n(->[Ir]<-n4cccn4C3)n2)cc1,c1ccc(Cn2nnc3c2NN->[Ir]<-N3)cc1,0.2962962962962963,log P,True
C=N1->[Ir]<-O=c2c(Cl)cccc2=C1,1.8325,C=N1->[Ir]<-O=c2c(Cl)cccc2=C1,C=N1->[Ir]<-O=c2c(Cl)cccc2=C1,1.0,log P,False
C=N1->[Ir]<-O=c2c(Cl)cccc2=C1,1.8325,C=N1->[Ir]<-O=c2c(Cl)cccc2=C1,C=N1->[Ir]<-O=CC2=C1CCC=C2,0.2,log P,True
O=C(O)c1ccccc1NN1->[Ir]<-n2ccccc2C1,1.8965,O=C(O)c1ccccc1NN1->[Ir]<-n2ccccc2C1,O=C(O)c1ccccc1NN1->[Ir]<-n2ccccc2C1,1.0,log P,False
O=C(O)c1ccccc1NN1->[Ir]<-n2ccccc2C1,1.8965,O=C(O)c1ccccc1NN1->[Ir]<-n2ccccc2C1,O=C(O)c1ccccc1N1->[Ir]<-OCC1,0.3380281690140845,log P,True
CC1C(c2ccccc2)N2->[Ir]<-n3ccncc3C12N,1.5686999999999998,CC1C(c2ccccc2)N2->[Ir]<-n3ccncc3C12N,CC1=O->[Ir]<-n2ccnc(CBr)c2C(Nc2ccccc2)=NN1,0.26595744680851063,log P,False
CC1C(c2ccccc2)N2->[Ir]<-n3ccncc3C12N,1.5686999999999998,CC1C(c2ccccc2)N2->[Ir]<-n3ccncc3C12N,CC12N->[Ir]<-NC1(N)NC2c1ccccc1,0.30666666666666664,log P,True
CCC(C)N1->[Ir]<-Nc2cnccc21,1.8742,CCC(C)N1->[Ir]<-Nc2cnccc21,CCC(C)n12->[Ir]<-n3ccccc3-c1c(C)nc2,0.21428571428571427,log P,False
CCC(C)N1->[Ir]<-Nc2cnccc21,1.8742,CCC(C)N1->[Ir]<-Nc2cnccc21,CCC(C)N1->[Ir]<-NCC1,0.2653061224489796,log P,True
C1CCN2(->[Ir]<-N3CCCCC32)CC1,1.5719,C1CCN2(->[Ir]<-N3CCCCC32)CC1,c1ccc(N2->[Ir]<-N3CCCCC3N=2)cc1,0.21739130434782608,log P,False
C1CCN2(->[Ir]<-N3CCCCC32)CC1,1.5719,C1CCN2(->[Ir]<-N3CCCCC32)CC1,C1CCN2->[Ir]<-NC2C1,0.3125,log P,True
CCNC(=O)c1cncc2c1N->[Ir]<-N2=C(C)C,1.5258,CCNC(=O)c1cncc2c1N->[Ir]<-N2=C(C)C,CCNC(=O)c1cncc2c1N(=C(C)c1ccccc1Cl)->[Ir]<-N2,0.45454545454545453,log P,False
CCNC(=O)c1cncc2c1N->[Ir]<-N2=C(C)C,1.5258,CCNC(=O)c1cncc2c1N->[Ir]<-N2=C(C)C,CCNC(=O)c1nccc2c1N(=C(C)C)->[Ir]<-N2,0.5161290322580645,log P,True
CCn1ccn2->[Ir]<-n3(CC)cncc3-c12,1.7863999999999998,CCn1ccn2->[Ir]<-n3(CC)cncc3-c12,CCn12->[Ir]<-N3(c4c(C)cccc4C)C=CC=CC3c1cnc2,0.24705882352941178,log P,False
CCn1ccn2->[Ir]<-n3(CC)cncc3-c12,1.7863999999999998,CCn1ccn2->[Ir]<-n3(CC)cncc3-c12,CCn12->[Ir]<-n3(ccnc3)C(N)c1cnc2,0.2835820895522388,log P,True
CCP1(CC)->[Ir]<-NCCC1,1.8569,CCP1(CC)->[Ir]<-NCCC1,CCP1(CC)->[Ir]<-S(c2ccccc2)CC1,0.2909090909090909,log P,False
CCP1(CC)->[Ir]<-NCCC1,1.8569,CCP1(CC)->[Ir]<-NCCC1,CCP1(C)->[Ir]<-NCCC1,0.5588235294117647,log P,True
Oc1ncccc1NC1=S->[Ir]<-n2ccccc2N1,1.9911,Oc1ncccc1NC1=S->[Ir]<-n2ccccc2N1,Nc1ccc2n(->[Ir]<-n3cc(Nc4ccccc4Cl)ccc3-2)c1,0.24468085106382978,log P,False
Oc1ncccc1NC1=S->[Ir]<-n2ccccc2N1,1.9911,Oc1ncccc1NC1=S->[Ir]<-n2ccccc2N1,COc1ncccc1NC1=O->[Ir]<-NC1,0.23684210526315788,log P,True
C1=NCC2(N->[Ir]<-n3cc4ccccc4cc32)c2ccncc21,2.2646000000000006,C1=NCC2(N->[Ir]<-n3cc4ccccc4cc32)c2ccncc21,Clc1cccc(S2->[Ir]<-Nc3c(-c4ccoc4)cncc32)c1,0.23076923076923078,log P,False
C1=NCC2(N->[Ir]<-n3cc4ccccc4cc32)c2ccncc21,2.2646000000000006,C1=NCC2(N->[Ir]<-n3cc4ccccc4cc32)c2ccncc21,C1=CN=CC2(C1)N->[Ir]<-NC21CN=Cc2ccccc21,0.3225806451612903,log P,True
CCP1(CC)->[Ir]<-NCCC1C,2.2454,CCP1(CC)->[Ir]<-NCCC1C,CCP1(CC)->[Ir]<-NCCC1c1ccccc1,0.46153846153846156,log P,False
CCP1(CC)->[Ir]<-NCCC1C,2.2454,CCP1(CC)->[Ir]<-NCCC1C,CCP1(CC)->[Ir]<-NCCC1,0.4146341463414634,log P,True
COc1cccc(C2n3cccn3->[Ir]<-n3cccn32)c1,2.1834,COc1cccc(C2n3cccn3->[Ir]<-n3cccn32)c1,COc1cccc(-c2cc3n(->[Ir]<-n4ccccc4-3)[nH]2)c1,0.3563218390804598,log P,False
COc1cccc(C2n3cccn3->[Ir]<-n3cccn32)c1,2.1834,COc1cccc(C2n3cccn3->[Ir]<-n3cccn32)c1,COc1cccc(C2Nn3(->[Ir]<-n4(cccn4)N2)cccn3)c1,0.34782608695652173,log P,True
CS1->[Ir]<-NC(C)(c2ccccc2)C1,2.2235000000000005,CS1->[Ir]<-NC(C)(c2ccccc2)C1,CS1->[Ir]<-NC(c2ccccc2)(c2ccccc2)C1,0.5,log P,False
CS1->[Ir]<-NC(C)(c2ccccc2)C1,2.2235000000000005,CS1->[Ir]<-NC(C)(c2ccccc2)C1,CS1->[Ir]<-NC(C)(C)C1,0.3488372093023256,log P,True
C1=N(Cc2ccncc2)->[Ir]<-n2ccccc21,2.0957,C1=N(Cc2ccncc2)->[Ir]<-n2ccccc21,C1=CC2c3ccccn3->[Ir]<-N2(Cc2cncc3ccccc23)C=C1,0.2765957446808511,log P,False
C1=N(Cc2ccncc2)->[Ir]<-n2ccccc21,2.0957,C1=N(Cc2ccncc2)->[Ir]<-n2ccccc21,CC1c2ccccn2->[Ir]<-N1C,0.234375,log P,True
CC(C)NC(=S)SC1N->[Ir]<-n2ccccc21,2.055,CC(C)NC(=S)SC1N->[Ir]<-n2ccccc21,CC(C)NC(=S)SC12C=CC=CN1->[Ir]<-n1ccccc12,0.4166666666666667,log P,False
CC(C)NC(=S)SC1N->[Ir]<-n2ccccc21,2.055,CC(C)NC(=S)SC1N->[Ir]<-n2ccccc21,CC(C)NC(=S)SC1CN->[Ir]<-N1,0.3684210526315789,log P,True
COC(C)c1ccc2n(->[Ir]<-N=C2C)c1,2.1767700000000003,COC(C)c1ccc2n(->[Ir]<-N=C2C)c1,COC(c1cccs1)c1cccn2->[Ir]<-n3ccccc3-c12,0.20238095238095238,log P,False
COC(C)c1ccc2n(->[Ir]<-N=C2C)c1,2.1767700000000003,COC(C)c1ccc2n(->[Ir]<-N=C2C)c1,COC(C)CN1->[Ir]<-n2ccccc2C1,0.234375,log P,True
C#Cc1ccc(CN2->[Ir]<-n3ccccc3C2)cc1O,2.0583000000000005,C#Cc1ccc(CN2->[Ir]<-n3ccccc3C2)cc1O,Fc1ccc(Cl)cc1-c1ccn2->[Ir]<-n3ccccc3-c2c1,0.2608695652173913,log P,False
C#Cc1ccc(CN2->[Ir]<-n3ccccc3C2)cc1O,2.0583000000000005,C#Cc1ccc(CN2->[Ir]<-n3ccccc3C2)cc1O,C#Cc1ccc(CN2->[Ir]<-Nc3ncccc32)cc1,0.30120481927710846,log P,True
CCN1->[Ir]<-n2ccccc2C1c1cccnc1,2.1754999999999995,CCN1->[Ir]<-n2ccccc2C1c1cccnc1,Cc1cncc(Cn23->[Ir]<-n4ccccc4-c2c(-c2ccccc2)cn3)c1,0.27,log P,False
CCN1->[Ir]<-n2ccccc2C1c1cccnc1,2.1754999999999995,CCN1->[Ir]<-n2ccccc2C1c1cccnc1,CCN1->[Ir]<-n2ccccc2C1C,0.5,log P,True
CC(C)C1Cc2cnccc2C2(C=N->[Ir]<-N2)C1,2.10357,CC(C)C1Cc2cnccc2C2(C=N->[Ir]<-N2)C1,CC(C)C1CC2(Cc3cnccc31)N->[Ir]<-n1ccccc12,0.35802469135802467,log P,False
CC(C)C1Cc2cnccc2C2(C=N->[Ir]<-N2)C1,2.10357,CC(C)C1Cc2cnccc2C2(C=N->[Ir]<-N2)C1,CC(C)C1CC(O)CC2(C=N->[Ir]<-N2)C1,0.35384615384615387,log P,True
Cc1ccccc1-c1nn2->[Ir]<-POCc2o1,2.351720000000001,Cc1ccccc1-c1nn2->[Ir]<-POCc2o1,Cc1ccccc1-c1nn2->[Ir]<-N34C=CC=CC3(C=CC=C4)c2o1,0.3855421686746988,log P,False
Cc1ccccc1-c1nn2->[Ir]<-POCc2o1,2.351720000000001,Cc1ccccc1-c1nn2->[Ir]<-POCc2o1,Cc1ccccc1-c1nn2->[Ir]<-n3ccccc3-c2o1,0.4507042253521127,log P,True
CC1c2ccccn2->[Ir]<-N1NC(=O)c1ccccc1,2.0771999999999995,CC1c2ccccn2->[Ir]<-N1NC(=O)c1ccccc1,CC1c2c(Br)cccn2->[Ir]<-N1=Cc1ccc(Cl)cc1,0.23863636363636365,log P,False
CC1c2ccccn2->[Ir]<-N1NC(=O)c1ccccc1,2.0771999999999995,CC1c2ccccn2->[Ir]<-N1NC(=O)c1ccccc1,CC1c2ccccn2->[Ir]<-N1N,0.4098360655737705,log P,True
O=C(OCCN1->[Ir]<-n2ccccc2C1)c1ccccc1,2.0282,O=C(OCCN1->[Ir]<-n2ccccc2C1)c1ccccc1,O=C(OCc1ccc2n(->[Ir]<-n3cscc3-2)c1)c1ccccc1,0.39325842696629215,log P,False
O=C(OCCN1->[Ir]<-n2ccccc2C1)c1ccccc1,2.0282,O=C(OCCN1->[Ir]<-n2ccccc2C1)c1ccccc1,O=C(O)c1cccc(CN2->[Ir]<-Nc3ncccc32)c1,0.2391304347826087,log P,True
OCC1C(c2ccccc2)OC2=N1->[Ir]<-n1ccccc12,1.9606,OCC1C(c2ccccc2)OC2=N1->[Ir]<-n1ccccc12,OCc1ccc(-c2cccn3->[Ir]<-n4ccccc4-c23)cc1,0.375,log P,False
OCC1C(c2ccccc2)OC2=N1->[Ir]<-n1ccccc12,1.9606,OCC1C(c2ccccc2)OC2=N1->[Ir]<-n1ccccc12,CC(O)C1OC(CO)=NC12N->[Ir]<-n1ccccc12,0.25,log P,True
Cc1ccc2n(->[Ir]<-NC23COC(C(C)(C)C)=N3)c1,1.97632,Cc1ccc2n(->[Ir]<-NC23COC(C(C)(C)C)=N3)c1,Cc1ccn2->[Ir]<-n3cc(C)cc(-c4ccoc4)c3-c2c1,0.2,log P,False
Cc1ccc2n(->[Ir]<-NC23COC(C(C)(C)C)=N3)c1,1.97632,Cc1ccc2n(->[Ir]<-NC23COC(C(C)(C)C)=N3)c1,CC1=NCC2(N->[Ir]<-n3ccccc32)O1,0.28169014084507044,log P,True
C1=CS(c2ccccc2)->[Ir]<-N1,2.208600000000001,C1=CS(c2ccccc2)->[Ir]<-N1,C1=S->[Ir]<-S2CC(=C3Sc4ccccc4S3)SC12,0.2,log P,False
C1=CS(c2ccccc2)->[Ir]<-N1,2.208600000000001,C1=CS(c2ccccc2)->[Ir]<-N1,C1=CS(c2ccccc2)->[Ir]<-N1,1.0,log P,True
COc1cccc(N2->[Ir]<-N=c3c=2cnc2ccncc32)c1,2.2845000000000004,COc1cccc(N2->[Ir]<-N=c3c=2cnc2ccncc32)c1,COc1cccc(N2->[Ir]<-N=C3C=NC45C=CC=CC4(C=NC=C5)C=23)c1,0.3877551020408163,log P,False
COc1cccc(N2->[Ir]<-N=c3c=2cnc2ccncc32)c1,2.2845000000000004,COc1cccc(N2->[Ir]<-N=c3c=2cnc2ccncc32)c1,COc1cccc(N2->[Ir]<-N=c3c=2cnc2ccncc32)c1,1.0,log P,True
CN1->[Ir]<-N(=Cc2c(O)ccc3ccccc23)CC1,2.1837,CN1->[Ir]<-N(=Cc2c(O)ccc3ccccc23)CC1,CN1->[Ir]<-N(=Cc2c3ccccc3cc3ccccc23)CC1,0.6285714285714286,log P,False
CN1->[Ir]<-N(=Cc2c(O)ccc3ccccc23)CC1,2.1837,CN1->[Ir]<-N(=Cc2c(O)ccc3ccccc23)CC1,NC1CN->[Ir]<-N1=Cc1ccc2ccccc2c1O,0.4246575342465753,log P,True
Cc1ccnc(N2->[Ir]<-n3ccccc3C2)c1,2.39712,Cc1ccnc(N2->[Ir]<-n3ccccc3C2)c1,Cc1cc(Br)nc(N2->[Ir]<-n3ccc(-c4ccccc4)cc3C2)c1,0.46153846153846156,log P,False
Cc1ccnc(N2->[Ir]<-n3ccccc3C2)c1,2.39712,Cc1ccnc(N2->[Ir]<-n3ccccc3C2)c1,Cc1ccnc(N2->[Ir]<-Nc3cccnc32)c1,0.40298507462686567,log P,True
